開催回,開催日,第1数字,第2数字,第3数字,第4数字,第5数字,第6数字,第7数字,ボーナス数字1,ボーナス数字2,1等口数,1等賞金,2等口数,2等賞金,3等口数,3等賞金,4等口数,4等賞金,5等口数,5等賞金,6等口数,6等賞金,キャリーオーバー
1,2013-04-05,7,10,12,17,23,28,34,3,15,1,301716500,24,4144600,168,828900,8254,9800,115022,1700,189593,900,0
2,2013-04-12,20,24,29,31,33,34,35,32,12,0,0,3,27968500,63,1864500,3631,18900,67155,2500,122990,1200,247506600
3,2013-04-19,2,7,8,11,14,23,31,5,15,0,0,15,8717200,218,839700,9957,10700,147796,1700,252702,900,646583065
4,2013-04-26,12,13,22,23,24,28,29,2,14,0,0,6,22730100,132,1446400,7217,15500,127060,2100,217162,1100,1055636845
5,2013-05-03,1,3,4,5,16,21,28,22,31,0,0,13,11525600,217,966600,10451,11700,163965,1800,239669,1100,1502479900
6,2013-05-10,5,15,19,23,30,34,35,6,25,0,0,13,12174300,166,1334700,9111,14200,158890,2000,271441,1000,1975256125
7,2013-05-17,1,3,5,7,27,29,33,6,15,3,800000000,18,8835900,209,1065300,10300,12600,164712,1900,287966,1000,41801960
8,2013-05-24,2,21,28,29,30,32,36,6,8,0,0,4,28966000,98,1655100,5628,16900,98454,2300,201752,1000,390672500
9,2013-05-31,3,4,15,23,27,30,36,13,35,2,380111200,4,30883600,201,860400,8281,12200,129548,1900,213199,1000,0
10,2013-06-07,1,2,3,6,24,28,30,16,20,0,0,4,26389000,147,1005200,6861,12600,113261,1800,166137,1100,321524240
11,2013-06-14,9,15,26,29,32,34,36,14,35,1,707670400,6,20977400,138,1276800,6700,15400,112138,2200,211430,1000,0
12,2013-06-21,11,12,14,19,26,27,33,24,32,1,296535200,9,11274500,198,717400,7888,10500,111522,1800,167040,1100,0
13,2013-06-28,6,10,16,21,27,28,35,15,34,0,0,8,12556800,116,1212300,6420,12800,102857,1900,180788,1000,297797015
14,2013-07-05,4,7,8,9,24,28,30,34,36,2,316971200,16,7259000,206,789300,9151,10400,138034,1700,208315,1000,0
15,2013-07-12,2,10,14,17,23,25,35,8,29,2,139246400,10,9268900,112,1158600,5732,13200,92282,2000,176674,900,0
16,2013-07-19,5,6,9,13,16,21,23,8,34,1,259314500,4,21862000,105,1165900,4943,14500,83727,2100,151462,1000,0
17,2013-07-26,2,3,5,22,34,36,37,7,15,0,0,4,20977700,90,1305200,4666,14700,77221,2200,169662,800,257444175
18,2013-08-02,12,17,21,24,29,31,36,20,26,4,138991400,6,16682100,217,645700,6847,12000,97855,2000,147556,1200,0
19,2013-08-09,2,14,19,20,21,22,31,1,15,0,0,4,19848700,76,1462500,3806,17100,64380,2500,114009,1200,234808895
20,2013-08-16,2,5,13,20,21,23,28,11,22,0,0,7,14478600,127,1117200,8054,10300,106761,1900,175616,1000,536318350
21,2013-08-23,1,9,13,15,25,30,33,19,28,1,800000000,10,12244200,132,1298600,6801,14700,112769,2200,194579,1100,95906390
22,2013-08-30,2,4,8,9,15,23,25,3,10,0,0,14,7236900,164,864800,7789,10600,117980,1700,203297,900,392492300
23,2013-09-06,4,8,11,25,28,29,30,14,32,1,746478700,12,9581100,166,969600,8013,11700,124341,1800,193931,1000,0
24,2013-09-13,4,5,8,10,16,19,33,2,29,0,0,6,14535600,120,1017400,5270,13500,86619,2000,154752,1000,257380635
25,2013-09-20,1,6,11,16,17,18,21,10,24,2,288220500,4,25836500,102,1418400,5581,15200,91372,2200,173039,1000,0
26,2013-09-27,11,13,16,18,26,31,36,21,27,0,0,3,27534000,68,1700600,4092,16500,69621,2400,131086,1100,242988750
27,2013-10-04,1,10,11,14,17,18,28,25,26,0,0,7,14134500,130,1065500,5972,13600,97788,2000,176737,1000,534246145
28,2013-10-11,6,7,12,15,19,35,37,1,11,1,800000000,8,14005000,173,906600,8429,10900,117449,1900,181526,1100,62941930
29,2013-10-18,2,3,16,17,24,26,28,15,31,0,0,8,12465300,118,1183100,6600,12400,109583,1800,183727,900,369168905
30,2013-10-25,6,8,13,22,26,32,36,16,34,0,0,10,11720500,115,1426800,6578,14600,109416,2100,187753,1100,719099050
31,2013-11-01,9,12,13,19,23,33,34,20,32,1,800000000,10,13498600,161,1173700,8364,13200,133958,2000,205732,1100,330605330
32,2013-11-08,3,8,15,18,27,29,37,31,34,3,225745200,9,12679800,176,907700,8081,11500,125046,1800,194399,1000,0
33,2013-11-15,1,4,17,24,29,33,36,19,30,0,0,6,14839800,127,981500,5830,12500,87193,2000,142603,1100,266123875
34,2013-11-22,4,6,7,23,24,32,35,8,27,0,0,9,11700500,147,1002800,6976,12300,108906,1900,197576,900,588283060
35,2013-11-29,1,16,18,19,25,30,34,26,36,0,0,2,57126000,88,1817600,6079,15400,103961,2200,170370,1200,921548030
36,2013-12-06,5,6,10,11,20,28,36,25,37,1,800000000,10,12705800,200,889300,9252,11200,142419,1800,223589,1000,494443545
37,2013-12-13,7,8,10,13,14,19,37,29,33,1,800000000,8,13943800,125,1249300,6741,13500,113597,1900,193752,1000,33565555
38,2013-12-20,4,14,19,22,24,29,34,8,31,1,323677300,19,5241700,670,208100,6320,12900,89901,2200,163891,1100,0
39,2013-12-27,7,13,19,23,25,26,30,1,18,1,279333700,9,10369500,104,1256200,5865,13000,94790,1900,166850,1000,0
40,2014-01-10,2,6,11,23,26,31,34,7,20,1,281251400,8,11663700,136,960500,6276,12200,97091,1900,160108,1000,0
41,2014-01-17,2,3,8,15,34,35,36,25,28,0,0,18,4576600,114,1011600,5690,11800,85743,1900,163995,900,242481625
42,2014-01-24,2,15,16,17,23,31,33,8,26,1,564832800,9,11822000,152,979900,6789,12800,106318,2000,198943,900,0
43,2014-01-31,4,6,7,8,24,31,37,5,13,0,0,7,12336300,131,922800,6190,11400,99278,1700,174501,900,253658750
44,2014-02-07,3,4,6,15,27,28,29,1,14,0,0,26,4030700,285,514700,10327,8300,128463,1600,201888,900,569611595
45,2014-02-14,1,2,9,18,21,27,33,25,31,0,0,9,12406400,163,959000,7190,12700,109093,2000,182578,1100,899790300
46,2014-02-21,2,5,6,15,23,27,30,4,35,1,800000000,21,6075000,279,640100,11944,8700,166273,1500,269340,800,491347345
47,2014-02-28,2,9,11,14,20,21,36,6,15,2,411638000,10,11192600,127,1233800,6304,14500,100950,2200,179186,1100,0
48,2014-03-07,3,5,24,26,29,30,34,8,35,1,240970300,6,13821600,96,1209300,4568,14900,78659,2100,150052,1000,0
49,2014-03-14,8,11,12,17,24,26,27,14,21,1,237579900,9,8854400,142,785600,5956,10900,91203,1700,129398,1100,0
50,2014-03-21,3,4,7,8,15,24,29,11,16,2,112997700,13,5740400,193,541300,8096,7500,108710,1300,167151,800,0
51,2014-03-28,1,4,5,8,20,23,35,15,33,0,0,7,11055400,85,1274600,5048,12500,79109,1900,140349,1000,228789300
52,2014-04-04,8,10,22,24,26,32,34,5,9,0,0,7,13429000,78,1687200,4588,16800,80076,2300,157564,1000,517585780
53,2014-04-11,1,4,14,16,20,33,36,12,30,2,424722700,11,10154700,105,1489300,5567,16400,94976,2300,166040,1200,0
54,2014-04-18,1,3,5,10,18,22,23,7,35,0,0,12,6757100,156,727600,6012,11000,89428,1800,160144,900,239162760
55,2014-04-25,4,12,14,17,23,30,36,13,33,1,536627600,5,20250200,132,1073800,6629,12500,102151,2000,161412,1100,0
56,2014-05-02,4,23,26,27,28,32,36,29,30,0,0,5,16071900,69,1630400,4476,14700,77069,2100,125240,1100,239510660
57,2014-05-09,5,6,12,16,17,20,33,8,32,0,0,14,6948300,130,1047500,5981,13300,99333,1900,167658,1000,535837750
58,2014-05-16,1,6,7,8,23,32,33,11,34,1,800000000,5,22002600,176,875000,7390,12200,115904,1900,204160,900,69864060
59,2014-05-23,5,8,12,13,21,30,35,27,34,0,0,10,8769400,134,916100,6036,11900,90778,1900,152530,1000,333161630
60,2014-05-30,3,7,9,15,16,23,34,5,33,1,636917600,10,9951000,203,686200,9309,8700,131989,1500,207951,800,0
61,2014-06-06,5,10,11,21,28,31,37,13,14,1,231978000,5,15005200,110,954800,4819,12700,73709,2000,124174,1000,0
62,2014-06-13,4,10,12,15,27,32,33,9,16,0,0,6,12590700,115,919600,5329,11600,82357,1800,137777,900,234614670
63,2014-06-20,4,8,19,24,28,30,32,12,37,1,524339700,15,6457200,180,753300,7737,10200,107083,1800,167728,1000,0
64,2014-06-27,4,15,16,17,20,29,36,19,26,0,0,2,38773400,71,1529000,4186,15200,72498,2100,110154,1200,235685240
65,2014-07-04,4,7,12,22,23,24,28,25,34,0,0,13,7294900,184,721500,8698,8900,127318,1500,189206,900,510891905
66,2014-07-11,1,11,25,28,31,33,37,3,20,0,0,3,35602400,104,1437700,5619,15600,99107,2100,172089,1100,829816620
67,2014-07-18,7,11,15,17,18,25,35,6,33,0,0,13,9336100,166,1023500,7610,13000,121393,2000,220199,1000,1181533320
68,2014-07-25,2,7,13,15,24,34,35,12,23,1,800000000,25,5519400,210,919800,10354,10900,152027,1800,281508,800,808528740
69,2014-08-01,13,17,20,22,28,29,37,11,12,1,800000000,9,13107500,118,1399600,5961,16200,99657,2400,179019,1100,363873750
70,2014-08-08,9,10,18,21,27,33,35,4,11,3,222116800,15,6723700,163,866200,7266,11400,102768,1900,178645,1000,0
71,2014-08-15,1,6,13,29,34,35,37,2,15,0,0,2,37959300,61,1742300,3423,18200,61037,2500,118919,1100,225783715
72,2014-08-22,11,12,18,19,20,31,32,9,21,5,103896700,35,2815300,120,1149500,5236,15400,84053,2300,145081,1200,0
73,2014-08-29,12,16,23,25,27,30,32,28,33,0,0,9,8881600,96,1165600,4888,13400,79551,2000,137375,1000,239746775
74,2014-09-05,5,13,14,15,16,24,31,9,11,0,0,9,10902000,115,1194400,6063,13200,100706,1900,168688,1000,538287400
75,2014-09-12,4,9,15,17,19,35,37,10,20,2,434459600,9,12033700,107,1417000,5858,15100,102544,2100,164397,1100,0
76,2014-09-19,4,13,18,29,32,34,36,24,33,1,241111000,5,15503500,131,828400,4941,12800,76086,2000,141102,900,0
77,2014-09-26,3,10,23,25,26,28,30,15,29,0,0,8,9431900,99,1067000,4883,12600,79505,1900,134731,1000,220682015
78,2014-10-03,5,6,10,14,24,28,36,7,20,2,245019800,8,11188900,134,935100,6232,11700,93845,1900,153240,1000,0
79,2014-10-10,2,4,7,9,21,29,37,6,36,0,0,8,9076100,83,1224700,4630,12800,76764,1900,127730,1000,213723005
80,2014-10-17,2,5,10,18,21,24,27,25,34,0,0,6,15082300,161,786800,6067,12200,91076,2000,142350,1100,482184370
81,2014-10-24,1,3,10,18,28,31,35,9,21,0,0,10,10885100,117,1302400,6097,14600,101530,2100,176500,1100,805203145
82,2014-10-31,1,3,16,20,25,27,34,18,37,0,0,10,13060900,117,1562800,6744,15900,116324,2200,191383,1200,1195576075
83,2014-11-07,1,11,21,26,28,32,35,18,22,0,0,11,13156900,118,1717000,7047,16800,123990,2300,218185,1200,1619633575
84,2014-11-14,8,16,23,28,29,35,36,12,37,0,0,23,6770600,236,923700,12518,10200,180209,1700,291170,900,2095793915
85,2014-11-21,6,7,10,11,22,26,35,14,23,1,800000000,22,7538600,242,959400,10771,12600,170753,1900,306651,900,1808128280
86,2014-11-28,3,10,20,21,22,26,30,24,35,1,800000000,16,8694200,153,1272800,7353,15500,120914,2300,205807,1200,1416245085
87,2014-12-05,8,9,12,18,20,28,31,13,15,0,0,13,9776900,138,1289400,7821,13300,127559,2000,223589,1000,1790275855
88,2014-12-12,3,4,10,14,25,29,30,18,19,0,0,11,12013600,177,1045200,8800,12300,136071,1900,235427,1000,2147483647
89,2014-12-19,1,3,11,26,28,34,36,17,20,0,0,12,11582900,159,1223800,8388,13600,138336,2000,224541,1100,2147483647
90,2014-12-26,2,8,9,13,14,18,37,11,25,1,800000000,15,10036600,153,1377500,8377,14700,142874,2100,267154,1000,2147483647
91,2015-01-09,1,5,7,14,15,25,35,18,24,0,0,18,8186000,315,654800,11332,10600,162096,1800,260376,1000,2147483647
92,2015-01-16,4,5,15,25,26,29,32,11,27,1,800000000,9,15195400,162,1181800,7853,14300,133466,2000,245160,1000,2147483647
93,2015-01-23,2,5,11,14,17,30,32,31,37,2,800000000,10,12969400,139,1306200,7146,14900,117498,2200,196034,1200,1052449145
94,2015-01-30,13,19,20,27,28,29,30,26,36,2,705794000,8,15220500,120,1420500,6192,16100,104231,2300,181697,1200,0
95,2015-02-06,1,8,13,14,18,30,34,26,36,0,0,5,18009000,89,1416400,4775,15400,79565,2200,146366,1100,268239710
96,2015-02-13,9,11,14,21,22,23,24,10,36,0,0,15,6898400,130,1114300,6426,13200,103877,2000,180889,1000,573705620
97,2015-02-20,7,13,14,16,22,24,35,1,29,1,800000000,16,6932900,129,1203800,6927,13100,111308,2000,178510,1100,99001930
98,2015-02-27,3,9,11,13,19,25,33,10,30,0,0,18,5366700,189,715500,7746,10200,109792,1700,172961,1000,387567960
99,2015-03-06,13,17,22,24,27,28,35,11,19,1,699064600,11,9328000,131,1096500,6826,12300,105445,1900,176597,1000,0
100,2015-03-13,1,2,11,16,25,35,36,9,14,0,0,6,14043600,76,1552100,4479,15400,78016,2100,152645,1000,248837600
101,2015-03-20,11,12,21,23,28,36,37,3,16,0,0,9,10648500,147,912700,5973,13100,97792,1900,177936,900,546062785
102,2015-03-27,1,4,8,27,28,29,31,13,25,3,295337700,14,7795200,155,985700,7215,12400,117503,1800,200661,900,0
103,2015-04-03,2,3,11,12,22,35,36,30,34,0,0,3,27272900,134,854800,5989,11200,91551,1800,133012,1100,237715660
104,2015-04-10,7,9,11,15,16,22,37,12,13,1,523951100,7,13662100,129,1037800,6241,12500,98767,1900,168004,1000,0
105,2015-04-17,3,15,19,20,26,28,33,17,21,1,248384000,12,6977900,116,1010500,5412,12700,85105,1900,137748,1100,0
106,2015-04-24,6,10,12,19,21,22,30,1,11,0,0,10,8217800,105,1095600,4888,13800,78353,2100,144248,1000,242369330
107,2015-05-01,3,8,9,13,17,27,33,29,31,0,0,15,6523000,165,830100,7623,10500,112363,1700,182521,900,543591915
108,2015-05-08,2,6,7,8,28,30,36,18,21,0,0,15,6899600,164,883400,7155,11800,111653,1800,180825,1000,856434470
109,2015-05-15,6,17,20,21,24,30,32,7,23,0,0,7,16296700,116,1376700,5373,17400,90074,2500,168077,1200,1194796700
110,2015-05-22,4,12,22,30,31,35,36,19,37,0,0,5,24076400,97,1737400,5982,16500,107601,2200,193433,1100,1552785590
111,2015-05-29,7,8,9,24,28,30,33,1,34,1,800000000,20,6520500,462,395100,9785,10900,141811,1800,216444,1000,1156138945
112,2015-06-05,6,7,10,15,27,35,36,13,20,0,0,11,10423500,185,867600,7596,12300,124932,1800,200050,1000,1500897975
113,2015-06-12,4,6,7,9,15,17,37,14,20,0,0,5,24776900,143,1212800,8092,12500,131713,1900,197180,1100,1865147520
114,2015-06-19,8,13,26,27,28,29,37,4,12,1,800000000,13,10381400,176,1073500,9938,11100,149653,1800,269436,900,1458876495
115,2015-06-26,6,8,13,14,20,25,27,24,26,1,800000000,12,10371300,208,837600,8562,11900,132365,1900,223347,1000,1019016770
116,2015-07-03,9,14,23,27,28,31,32,3,20,1,800000000,7,16907200,159,1042000,8032,12100,121251,1900,196929,1000,585423220
117,2015-07-10,9,10,20,28,31,34,37,23,26,0,0,4,27178600,99,1537300,5050,17600,87904,2500,165536,1100,913053470
118,2015-07-17,5,8,9,24,27,28,30,16,20,0,0,9,11925600,213,705400,11376,7700,140813,1500,198944,900,1243142375
119,2015-07-24,3,6,8,14,15,25,36,24,35,1,800000000,90,1234300,223,697400,11619,7800,137464,1600,229907,800,784900955
120,2015-07-31,2,16,18,26,32,35,37,9,36,0,0,5,21086900,125,1180800,5325,16200,90974,2300,163486,1100,1103234440
121,2015-08-07,2,4,13,16,21,30,37,19,29,1,800000000,3,35571400,103,1450400,5189,16800,87477,2400,164610,1100,628349190
122,2015-08-14,2,16,18,26,27,34,35,5,12,0,0,9,11120500,130,1077800,6455,12700,91608,2200,171725,1000,926503785
123,2015-08-21,1,3,5,8,29,34,36,23,28,1,800000000,11,10030800,117,1320200,6184,14600,112178,1900,226852,800,472187410
124,2015-08-28,1,2,15,17,18,22,36,6,27,1,785704400,6,17461400,94,1560300,5424,15800,91676,2300,178588,1000,0
125,2015-09-04,1,6,11,14,19,28,35,18,21,0,0,4,21167200,146,811800,6273,11000,93226,1800,138088,1100,248655270
126,2015-09-11,4,10,13,16,17,21,27,1,18,2,265266200,3,31531800,119,1112800,5526,14000,89632,2100,149649,1100,0
127,2015-09-18,10,12,15,23,28,30,35,6,25,2,125520200,16,5042700,144,784400,6662,9900,97309,1600,149636,900,0
128,2015-09-25,2,4,8,23,26,27,32,3,35,1,233557500,7,11052200,104,1041400,5578,11300,84609,1800,148326,900,0
129,2015-10-02,5,7,11,19,24,27,30,29,35,1,229587800,10,7828100,141,777200,6246,10200,91513,1700,140404,1000,0
130,2015-10-09,1,15,20,23,25,31,32,5,24,0,0,4,18949300,68,1560500,3633,17100,62774,2400,119695,1100,226123355
131,2015-10-16,3,4,12,17,32,34,36,23,31,0,0,7,12634400,98,1263400,4936,14700,82400,2100,148373,1000,497901650
132,2015-10-23,7,10,14,16,20,30,31,35,37,0,0,7,14771100,113,1281000,5432,15600,89305,2300,155506,1200,799493370
133,2015-10-30,3,7,13,15,17,21,30,14,27,0,0,9,12735100,170,943800,7575,12400,119190,1900,207611,1000,1134284665
134,2015-11-06,4,9,20,28,30,34,35,12,29,0,0,12,9879700,126,1317200,6497,14900,114011,2100,209075,1000,1481435860
135,2015-11-13,8,9,13,14,24,32,34,3,4,0,0,7,17695100,169,1026000,7454,13600,121932,2000,223604,1000,1845014875
136,2015-11-20,10,17,24,27,30,33,37,18,31,0,0,12,10716600,138,1304600,7501,14000,120568,2100,211203,1100,2147483647
137,2015-11-27,13,19,21,25,27,32,35,16,20,1,800000000,25,5282900,192,963000,8883,12200,128611,2000,209643,1100,1820523185
138,2015-12-04,2,5,17,20,21,32,33,30,35,1,800000000,9,13318500,154,1089600,6562,15000,105002,2300,177272,1200,1370182325
139,2015-12-11,9,16,18,21,23,34,35,4,36,0,0,10,11434100,143,1119400,7128,13100,111609,2000,201359,1000,1712940710
140,2015-12-18,3,11,12,13,17,26,35,1,33,0,0,5,24262700,141,1204500,8119,12200,130651,1800,217378,1000,2074538935
141,2015-12-25,2,10,18,30,31,32,36,21,29,1,800000000,6,22037800,161,1149700,7645,14200,122514,2100,210961,1100,1672001745
142,2016-01-08,6,12,14,18,21,27,28,1,33,0,0,20,6745000,180,1049200,9004,12300,142612,1900,245135,1000,2060628715
143,2016-01-15,1,3,8,14,28,29,33,4,31,0,0,18,7204200,218,832700,10077,10500,147524,1700,235436,1000,2147483647
144,2016-01-22,2,9,13,18,22,32,36,17,26,1,800000000,21,6503100,249,767800,10143,11000,147247,1800,245690,1000,2050454225
145,2016-01-29,10,12,18,28,29,30,35,4,19,0,0,18,6993600,194,908400,9476,10900,139105,1800,234198,900,2147483647
146,2016-02-05,4,10,25,27,28,33,34,15,35,1,800000000,11,12190200,160,1173200,8350,13100,136343,1900,239815,1000,2034765345
147,2016-02-12,1,5,7,12,15,24,25,8,14,2,800000000,18,6995700,198,890300,10536,9800,150535,1600,235286,900,826803760
148,2016-02-19,1,9,11,16,20,30,34,12,33,0,0,15,7948400,117,1426600,6038,16200,103270,2300,179666,1200,1173362780
149,2016-02-26,1,4,15,19,22,23,31,12,32,1,800000000,8,14895800,160,1042600,7774,12500,121130,1900,192840,1100,730966110
150,2016-03-04,6,7,14,20,27,31,34,11,24,1,800000000,12,9273400,171,911000,6898,13200,105383,2100,181216,1100,256955660
151,2016-03-11,9,10,13,15,21,22,24,4,8,0,0,9,11155700,97,1449000,5598,14700,95911,2100,194859,900,553668980
152,2016-03-18,8,12,17,21,23,24,31,6,7,1,800000000,17,6175600,130,1130500,7742,11100,116837,1800,197700,900,69792960
153,2016-03-25,7,9,10,16,20,28,37,2,33,1,362456100,12,7885800,115,1152000,5753,13500,91889,2000,158231,1000,0
154,2016-04-01,2,4,19,21,24,28,35,3,13,1,257297800,15,5671400,127,937700,5988,11600,92287,1800,163911,900,0
155,2016-04-08,2,9,13,18,22,24,26,10,37,1,251995000,11,7583900,161,725400,6403,10700,88855,1900,138643,1000,0
156,2016-04-15,4,9,16,19,22,33,34,17,36,1,259663500,5,16995300,138,862000,5663,12300,82668,2000,131839,1100,0
157,2016-04-22,5,9,16,26,28,29,32,1,37,0,0,6,13780700,112,1033500,4754,14200,80218,2000,129228,1100,252322715
158,2016-04-29,3,6,7,30,32,36,37,5,20,1,535280700,7,13303800,109,1196100,4614,16500,84564,2200,141718,1100,0
159,2016-05-06,10,14,17,21,23,27,31,16,24,0,0,5,15896900,127,876100,5520,11800,83349,1900,127314,1100,234794530
160,2016-05-13,1,2,8,24,32,36,37,23,33,2,255795700,5,18657900,94,1389400,6795,11200,87158,2100,151192,1100,0
161,2016-05-20,8,14,17,18,20,22,34,4,30,0,0,6,13320500,69,1621600,4314,15200,70156,2300,128448,1100,233401615
162,2016-05-27,2,7,8,12,14,23,27,6,10,1,500555900,15,6029500,156,811600,8086,9100,112419,1600,178019,900,0
163,2016-06-03,1,2,6,16,28,30,31,3,7,1,237793900,7,11300600,118,938500,5118,12600,79064,2000,150062,900,0
164,2016-06-10,3,13,20,23,31,35,36,2,11,0,0,4,19067900,92,1160600,4328,14400,67249,2300,127590,1000,229558135
165,2016-06-17,9,11,14,15,16,18,27,6,20,0,0,3,32554300,96,1424200,5542,14400,100873,1900,163858,1000,529403390
166,2016-06-24,14,20,27,29,30,31,37,23,34,0,0,9,11749100,103,1437200,5210,16600,90495,2300,159868,1200,838919740
167,2016-07-01,1,3,5,7,10,26,36,19,37,2,596966700,16,7293200,175,933500,8295,11500,126796,1800,199765,1000,0
168,2016-07-08,3,9,12,14,19,20,36,2,5,0,0,8,10278400,96,1199100,4707,14300,79672,2000,142639,1000,249683290
169,2016-07-15,1,5,10,20,21,28,30,25,26,0,0,9,10458600,145,908800,7713,10000,101092,1800,143001,1100,541842255
170,2016-07-22,3,5,6,9,27,32,36,12,24,1,800000000,9,11318500,126,1131800,7099,11700,111780,1800,198470,900,45774325
171,2016-07-29,1,2,6,21,23,27,28,11,16,1,308533500,6,14778000,112,1108300,5675,12800,94440,1900,169580,900,0
172,2016-08-05,5,20,21,27,30,31,36,9,26,1,229139600,10,7737500,143,757500,5836,10800,82221,1900,134057,1000,0
173,2016-08-12,7,9,19,22,24,27,30,4,28,0,0,9,8179800,96,1073500,4599,13100,76223,1900,151261,800,228099815
174,2016-08-19,10,13,14,15,23,31,32,4,29,3,170269900,7,13318400,109,1197400,5268,14500,86852,2100,160305,1000,0
175,2016-08-26,6,17,21,31,33,35,37,14,18,0,0,3,26441700,93,1194100,4005,16200,70659,2200,124654,1100,239677540
176,2016-09-02,1,11,12,17,22,30,35,15,16,0,0,5,18978800,89,1492600,5367,14500,87754,2100,148588,1100,528455810
177,2016-09-09,9,15,19,23,25,34,36,2,35,1,800000000,9,11551700,142,1025000,6691,12700,108184,1900,184822,1000,35718160
178,2016-09-16,6,9,11,15,26,34,36,13,37,0,0,8,11013900,93,1326300,5206,13900,84160,2100,137192,1100,298979855
179,2016-09-23,4,9,12,13,22,26,36,5,33,1,581403600,8,11980000,150,894400,6573,11900,100985,1900,168946,1000,0
180,2016-09-30,1,8,11,21,23,25,28,5,37,0,0,14,5721300,109,1028700,5735,11400,89930,1800,153913,900,237187815
181,2016-10-07,7,8,10,13,19,23,24,15,27,0,0,7,13205000,130,995400,6491,11600,102655,1800,189360,800,521445450
182,2016-10-14,1,7,10,11,20,23,30,3,37,0,0,28,3682100,203,711000,9719,8700,117841,1700,189068,900,842496950
183,2016-10-21,6,15,20,26,33,34,37,19,29,0,0,5,23089700,113,1430300,5827,16200,98227,2300,175010,1200,1181212000
184,2016-10-28,7,14,18,22,23,26,34,2,32,1,800000000,28,4463800,256,683500,9419,10800,127958,1900,204874,1100,751867760
185,2016-11-04,1,2,4,16,26,29,34,11,12,0,0,6,18419400,100,1547200,5587,16200,96090,2300,194575,1000,1077699135
186,2016-11-11,5,14,16,19,31,33,37,21,28,0,0,9,12858400,109,1486300,6212,15300,101630,2300,189498,1100,1411599250
187,2016-11-18,4,6,10,23,24,32,36,15,31,2,800000000,13,9624600,206,850300,8657,11800,135560,1800,231695,900,198771140
188,2016-11-25,6,15,19,25,26,30,31,14,18,1,478206800,4,24214600,112,1210700,5621,14100,93300,2100,158624,1100,0
189,2016-12-02,3,7,8,10,18,23,35,1,19,2,123108600,8,10370900,126,921800,6418,10600,98944,1700,157885,900,0
190,2016-12-09,2,11,12,18,21,33,36,8,34,1,240259100,12,6759300,105,1081400,5065,13100,83879,1900,144610,1000,0
191,2016-12-16,8,15,21,24,26,27,29,7,30,0,0,4,20202500,94,1203500,4653,14200,76562,2100,137587,1000,243867070
192,2016-12-23,12,13,14,19,25,33,34,3,22,0,0,12,7783800,118,1108100,5960,12800,92178,2000,163402,1000,522955095
193,2016-12-30,4,6,20,21,22,24,31,9,10,0,0,9,12021800,113,1340400,6037,14700,100444,2100,193019,1000,844728055
194,2017-01-06,3,6,27,30,31,32,36,14,23,0,0,6,16169400,130,1044700,6171,12900,96460,2000,189955,900,1131549130
195,2017-01-13,4,7,12,20,23,24,31,26,35,4,371873100,11,10556800,229,709900,8965,10600,131305,1700,199956,1000,0
196,2017-01-20,7,13,15,25,30,32,37,8,14,0,0,11,7321700,113,997800,4792,13800,76951,2100,143940,1000,234599870
197,2017-01-27,6,8,10,12,16,21,28,14,23,0,0,10,9519200,163,817500,7271,10700,109584,1700,183425,900,522001970
198,2017-02-03,18,21,31,32,33,36,37,5,25,0,0,5,23983300,92,1824700,7830,12500,97289,2500,185503,1100,879541410
199,2017-02-10,1,9,17,20,22,28,29,13,16,2,636223100,22,6022200,259,716100,11394,9500,147540,1800,230618,1000,0
200,2017-02-17,13,14,17,21,27,28,34,1,11,4,67987600,12,7805300,134,978500,6075,12600,94341,2000,152630,1100,0
201,2017-02-24,8,11,17,24,28,31,32,12,34,1,263734200,10,8851000,134,924700,6540,11100,96493,1800,156259,1000,0
202,2017-03-03,3,7,11,16,22,34,37,29,32,1,254364500,18,4726500,145,821400,6040,11500,89056,1900,133997,1100,0
203,2017-03-10,6,13,17,22,32,33,36,12,28,1,236902300,9,9011200,106,1071100,5225,12700,80052,2000,147130,1000,0
204,2017-03-17,5,19,20,21,30,34,36,7,12,0,0,4,19529000,100,1093600,4310,14800,68340,2300,129597,1000,237457480
205,2017-03-24,4,5,19,31,35,36,37,27,32,0,0,5,17824400,102,1223200,4969,14700,84038,2100,141768,1100,502863990
206,2017-03-31,1,6,7,11,27,35,36,22,26,2,405262500,10,10099400,127,1113300,6385,12900,103019,1900,174481,1000,0
207,2017-04-07,4,5,10,13,28,32,33,19,26,0,0,6,13070000,96,1143600,4637,13800,77499,2000,134173,1000,237151340
208,2017-04-14,4,13,16,18,22,26,33,27,29,2,265859700,11,8775000,148,913000,6161,12800,94473,2000,164238,1000,0
209,2017-04-21,3,4,6,13,22,31,36,28,34,2,126470700,6,13920600,148,790000,6497,10500,95571,1700,161235,900,0
210,2017-04-28,2,4,6,11,15,19,36,23,34,3,81938200,13,6308500,94,1221400,5601,12000,90046,1800,158042,900,0
211,2017-05-05,7,15,22,25,31,32,35,29,36,0,0,1,73468200,87,1182200,4147,14500,66654,2200,120393,1100,213835550
212,2017-05-12,4,6,10,19,20,24,29,1,27,1,485279600,4,22301000,111,1125000,5279,13800,85435,2100,147792,1000,0
213,2017-05-19,5,13,15,18,19,24,35,20,23,1,221975000,5,15193000,101,1052900,4498,13800,75550,2000,124267,1100,0
214,2017-05-26,2,6,9,12,31,36,37,3,22,0,0,6,12438700,89,1173900,4596,13300,77756,1900,145323,900,222151090
215,2017-06-02,11,12,13,21,29,36,37,7,9,0,0,8,10580500,113,1048600,4689,14800,77519,2200,163313,900,472406545
216,2017-06-09,9,14,22,24,25,36,37,8,28,0,0,5,18713100,91,1439400,5417,14100,88057,2100,162975,1000,752459005
217,2017-06-16,4,6,26,27,28,35,36,24,34,3,366089300,20,5592700,276,567300,9882,9200,135795,1600,208907,900,0
218,2017-06-23,15,16,17,21,26,29,30,10,34,0,0,7,11201900,82,1338700,4421,14500,69813,2200,125932,1100,234051170
219,2017-06-30,6,9,13,14,21,25,31,2,4,1,499890800,14,6420600,137,918500,6501,11300,101087,1800,172660,900,0
220,2017-07-07,7,9,11,18,25,28,35,20,27,1,226348000,9,8553300,114,945300,5346,11800,84172,1800,138540,1000,0
221,2017-07-14,1,2,9,11,17,30,35,13,36,0,0,8,9252000,72,1439100,4630,13100,72256,2000,123286,1000,228713890
222,2017-07-21,3,9,18,21,23,27,29,35,37,2,237488900,6,13828300,127,914600,6133,11100,91984,1800,144651,1000,0
223,2017-07-28,10,13,19,21,26,33,34,24,25,0,0,8,8981800,99,1016100,4669,12600,70043,2000,114037,1100,216537490
224,2017-08-04,2,4,7,10,12,29,34,1,21,0,0,12,6787900,115,991600,5595,11900,86363,1900,143418,1000,455617240
225,2017-08-11,13,15,17,18,20,21,26,25,29,0,0,9,9488100,72,1660300,4625,15100,70339,2400,129322,1200,704586110
226,2017-08-18,12,17,21,24,26,30,32,10,22,2,498775500,8,12725800,160,890700,5907,14100,93387,2200,153889,1200,0
227,2017-08-25,2,3,7,9,22,23,26,29,30,1,211728100,6,12142600,110,927200,5230,11400,81676,1800,130062,1000,0
228,2017-09-01,6,11,14,21,24,28,31,22,36,1,220207500,14,5378700,135,780800,5511,11200,84921,1800,146739,900,0
229,2017-09-08,2,3,9,30,33,36,37,1,32,0,0,4,18376700,70,1470100,3954,15200,67218,2200,113978,1100,219972905
230,2017-09-15,3,5,8,15,22,25,27,18,31,0,0,8,10739600,132,911200,7069,9900,103336,1600,158735,900,488540220
231,2017-09-22,4,15,18,24,25,34,36,10,26,0,0,5,18672100,128,1021100,5906,12900,93003,2000,153999,1100,759728850
232,2017-09-29,2,4,7,9,15,35,37,10,23,1,1000000000,12,9296200,153,1020700,7395,12300,117395,1900,214357,900,92542530
233,2017-10-06,3,13,17,25,26,27,29,8,37,0,0,8,10725400,103,1166200,5288,13300,90228,1900,160585,900,352144450
234,2017-10-13,7,14,15,16,23,25,30,5,34,0,0,7,13471100,119,1109300,6310,12200,98933,1900,169649,1000,627381835
235,2017-10-20,2,9,13,18,21,33,34,3,11,2,465949400,7,14675800,203,708400,7726,10900,107778,1900,179818,1000,0
236,2017-10-27,19,22,23,34,35,36,37,10,30,0,0,6,12589100,111,952600,4721,13100,75308,2000,113751,1200,219639955
237,2017-11-03,3,4,7,19,20,21,29,8,33,1,495540900,11,8194800,127,993600,6148,12000,94907,1900,165076,900,0
238,2017-11-10,3,21,26,33,34,35,37,23,31,1,221756400,5,15076200,58,1819500,3900,15800,69076,2200,110077,1200,0
239,2017-11-17,8,13,17,21,23,28,37,1,14,2,108367000,10,7272000,83,1226500,4447,13400,76039,1900,126613,1000,0
240,2017-11-24,9,12,14,24,29,31,35,5,30,0,0,7,10047300,91,1082000,4401,13100,71616,1900,124083,1000,211619725
241,2017-12-01,5,11,12,19,21,26,28,4,20,0,0,13,6352500,123,939900,5635,12000,86968,1900,145057,1000,455355365
242,2017-12-08,1,5,13,17,31,32,35,19,24,0,0,9,10182000,95,1350400,5229,14300,83427,2200,150343,1100,721477315
243,2017-12-15,6,9,13,18,20,22,30,11,14,2,517917800,11,9559600,128,1150100,6642,13000,105269,2000,180325,1000,0
244,2017-12-22,2,9,17,22,32,34,36,11,12,1,228504900,7,10852200,109,975600,4719,13200,72293,2100,129238,1000,0
245,2017-12-29,2,8,9,11,24,26,27,7,36,2,117494400,12,6681100,157,714900,6149,10700,93255,1700,160222,900,0
246,2018-01-05,3,6,9,19,23,25,31,21,36,1,190480600,8,7775400,102,853700,4759,10700,70956,1700,118023,900,0
247,2018-01-12,10,12,13,16,34,35,36,11,37,0,0,8,8744900,75,1305800,3817,15000,62163,2200,117489,1000,215130950
248,2018-01-19,1,5,6,22,25,27,31,12,18,1,486799200,12,7244300,89,1367400,5288,13500,84474,2000,158212,900,0
249,2018-01-26,9,20,28,29,31,34,37,5,25,0,0,3,24094600,99,1022100,3503,16900,60041,2400,106364,1200,213193135
250,2018-02-02,5,9,10,13,26,30,34,18,23,1,474586400,15,5711200,110,1090300,5706,12300,87003,1900,147994,1000,0
251,2018-02-09,1,15,20,26,28,34,37,23,30,1,312906800,2,25915900,76,954700,3459,12300,59358,1700,105067,1200,0
252,2018-02-16,8,23,24,25,27,30,31,11,17,1,316752000,4,12826500,83,865300,4412,9500,70825,1400,131904,900,0
253,2018-02-23,6,7,9,12,15,17,24,26,29,1,309164300,4,12622700,98,721200,5391,7600,80979,1200,133405,900,0
254,2018-03-02,1,12,14,18,23,24,31,7,26,0,0,3,16800700,59,1195900,3838,10700,65858,1500,125175,1000,301344395
255,2018-03-09,1,4,11,13,15,21,32,5,10,2,334468400,5,12119600,83,1022100,4473,11100,80800,1500,142503,1000,0
256,2018-03-16,14,21,24,27,30,33,37,19,20,1,305471000,3,17000400,77,927200,3497,11900,59453,1700,104129,1200,0
257,2018-03-23,5,15,16,26,27,32,35,23,28,1,303266300,11,4621500,84,847200,4241,9800,66571,1500,126574,1000,0
258,2018-03-30,1,3,11,20,23,32,35,25,26,1,305996000,5,10008900,79,886800,3736,11000,61830,1600,105761,1100,0
259,2018-04-06,5,6,15,19,22,29,32,4,31,0,0,8,6022100,64,1053800,3432,11500,58886,1600,110818,1000,296865915
260,2018-04-13,4,8,12,23,29,31,34,5,6,2,333667500,4,14811100,163,508800,6620,7300,93834,1200,149269,900,0
261,2018-04-20,4,14,15,17,21,23,26,7,8,0,0,7,7013900,56,1227400,3805,10500,63451,1500,129577,900,299962625
262,2018-04-27,2,6,7,9,19,23,36,5,15,0,0,14,4083500,149,537100,6334,7400,95239,1200,155703,900,641103540
263,2018-05-04,1,5,11,16,27,35,36,6,14,0,0,6,10029000,121,696200,5583,8800,85611,1400,141147,1000,1007154715
264,2018-05-11,8,13,15,17,21,26,29,4,24,0,0,23,3183500,196,523000,8103,7400,112727,1300,193807,900,1449029430
265,2018-05-18,12,13,15,19,21,24,36,10,37,2,973273800,9,9164300,166,695500,6858,9800,115664,1400,181981,1100,0
266,2018-05-25,6,11,15,17,20,27,32,16,22,0,0,3,17184400,84,859200,3986,10600,65358,1600,107711,1100,313999575
267,2018-06-01,8,13,18,20,23,25,26,6,28,0,0,10,6591600,82,1125300,4991,10800,84759,1500,154705,1000,718966520
268,2018-06-08,4,5,9,15,29,31,33,26,27,1,1000000000,6,12371700,135,769700,6894,8800,108858,1300,197196,900,173451955
269,2018-06-15,1,9,15,24,31,33,36,2,26,1,541546300,5,12376300,125,693000,5556,9100,87230,1400,140545,1100,0
270,2018-06-22,1,2,11,13,15,24,25,26,28,0,0,8,6633500,69,1076700,4512,9600,74459,1400,135756,900,326590330
271,2018-06-29,1,9,15,16,19,32,35,14,31,0,0,8,7961400,88,1013200,4611,11300,76077,1600,132456,1200,709520700
272,2018-07-06,2,5,8,15,18,26,31,19,25,2,565988400,8,8794000,147,670000,8328,6900,108405,1300,169711,1000,0
273,2018-07-13,13,15,21,23,26,32,34,5,9,2,163912900,396,131500,190,383700,7181,5900,81640,1200,146385,800,0
274,2018-07-20,9,14,21,23,25,26,37,7,29,0,0,5,9848700,54,1276600,4093,9800,70124,1400,117691,1000,297380135
275,2018-07-27,8,9,15,19,24,25,35,34,37,0,0,14,4188400,133,617200,6531,7300,94999,1200,135106,1000,659517715
276,2018-08-03,3,6,12,17,22,34,35,2,33,1,1000000000,7,9668700,159,595900,6399,8600,94774,1400,151327,1100,65883635
277,2018-08-10,6,7,9,11,21,23,25,1,22,0,0,12,4532500,129,590200,5833,7600,90448,1200,147333,900,391610110
278,2018-08-17,6,9,14,21,23,33,36,27,28,0,0,5,12638600,142,623000,6793,7600,103978,1200,167042,900,774981360
279,2018-08-24,7,11,15,17,19,23,31,9,37,0,0,12,5937600,185,539100,8548,6800,117304,1200,210604,800,1208286110
280,2018-08-31,4,9,10,11,24,32,35,2,37,0,0,6,13162000,173,639000,7531,8600,116457,1300,186330,1000,1693217310
281,2018-09-07,1,2,17,19,20,22,26,30,36,1,1000000000,4,20471100,96,1194100,5111,13100,89508,1800,163932,1200,1188572470
282,2018-09-14,10,17,18,25,29,35,36,7,14,1,1000000000,8,9824400,112,982400,5643,11400,97856,1600,175263,1100,658065950
283,2018-09-21,13,14,15,17,23,29,31,10,19,0,0,5,13780800,117,824400,6559,8600,102728,1300,152967,1100,1074137170
284,2018-09-28,6,7,10,25,29,30,33,1,31,0,0,9,8583600,124,872100,6317,10000,103248,1500,174824,1100,1531893985
285,2018-10-05,11,15,21,26,30,34,35,4,36,0,0,11,7307100,114,987000,6824,9600,110319,1400,189588,1000,2025575125
286,2018-10-12,4,5,14,17,18,29,37,27,31,0,0,12,7365100,151,819400,7138,10100,114717,1500,211324,1000,2147483647
287,2018-10-19,2,7,10,20,24,29,34,4,8,0,0,5,20004100,139,1007300,7135,11500,120517,1600,229390,1000,2147483647
288,2018-10-26,1,8,9,16,27,32,37,17,31,2,1000000000,16,6898600,253,610700,11152,8100,159113,1400,254099,1000,1856070345
289,2018-11-02,2,7,10,12,16,17,34,23,25,1,1000000000,10,9272400,116,1119000,8151,9300,126863,1400,237336,900,1431007375
290,2018-11-09,3,13,22,26,31,32,37,29,35,0,0,7,12685700,135,920800,8993,8100,117753,1500,200734,1100,1958591280
291,2018-11-16,1,11,18,19,21,29,37,5,15,1,1000000000,11,8279400,147,867300,6914,10800,112385,1600,215531,1000,1511981740
292,2018-11-23,12,15,25,26,27,29,35,24,30,0,0,7,11727300,123,934300,6641,10100,115238,1400,194454,1000,2011587545
293,2018-11-30,11,13,15,20,27,29,35,1,7,3,847890100,13,6877200,193,648500,8255,8800,127142,1400,221913,1000,0
294,2018-12-07,3,4,6,10,14,22,29,28,32,0,0,6,9858900,117,707800,5538,8700,86288,1300,141461,1000,362900105
295,2018-12-14,4,5,6,8,9,22,32,13,26,0,0,7,10043600,85,1157900,5550,10400,91904,1500,170758,1000,786597795
296,2018-12-21,1,8,10,12,18,28,29,25,27,1,1000000000,14,5696500,181,616800,8342,7800,120593,1300,198645,1000,262288165
297,2018-12-28,2,3,11,16,23,28,36,8,24,0,0,29,2601200,216,488900,9573,6400,127018,1200,215516,800,723867455
298,2019-01-04,1,3,8,11,18,19,22,26,30,0,0,10,5834900,147,555700,6553,7300,92747,1200,141991,1000,1078420555
299,2019-01-11,1,6,10,13,16,26,36,28,30,0,0,11,7533500,207,560400,7616,8900,105706,1500,186101,1100,1578585130
300,2019-01-18,4,7,21,31,33,34,35,6,12,1,1000000000,4,21689100,172,706100,7409,9600,114350,1500,193635,1100,1097825350
301,2019-01-25,4,11,12,25,27,30,33,5,19,0,0,20,4144500,196,592000,8211,8200,122132,1300,209123,900,1614973255
302,2019-02-01,8,16,26,27,28,32,34,4,25,0,0,10,8611300,145,831400,7315,9600,116603,1400,198947,1000,2147483647
303,2019-02-08,4,7,14,17,21,34,37,10,30,0,0,11,8300300,328,389700,9335,8000,126257,1400,194195,1100,2147483647
304,2019-02-15,7,9,10,17,28,33,36,18,23,0,0,14,6958200,167,816600,7790,10200,132072,1400,242136,1000,2147483647
305,2019-02-22,6,17,23,24,27,28,31,10,18,1,1000000000,15,7062900,187,793100,9402,9200,154534,1300,262362,1000,2147483647
306,2019-03-01,12,13,15,22,25,33,35,1,31,0,0,8,12306100,186,741000,8831,9100,135005,1400,222934,1100,2147483647
307,2019-03-08,5,8,15,24,25,32,35,20,26,3,1000000000,21,4932300,297,488200,13086,6500,162254,1200,244004,1000,1171937610
308,2019-03-15,5,6,11,15,20,32,33,13,25,0,0,4,21951800,133,924200,6761,10600,110187,1600,205005,1000,1705667655
309,2019-03-22,1,7,13,14,16,21,22,18,34,0,0,9,9861900,126,986100,6832,10600,117028,1500,211539,1000,2147483647
310,2019-03-29,17,25,26,28,31,32,37,6,9,3,933583800,7,12983500,110,1156600,6651,11200,115353,1500,216558,1000,0
311,2019-04-05,9,11,18,24,26,27,37,30,33,0,0,8,7563000,107,791600,5650,8700,88259,1300,146370,1000,369634875
312,2019-04-12,1,2,4,18,20,29,34,17,30,1,793630300,8,8697900,97,1004200,5040,11300,83581,1600,152043,1100,0
313,2019-04-19,9,13,16,23,28,29,30,1,20,0,0,5,12035500,127,663300,5448,9000,89097,1300,130932,1100,367344040
314,2019-04-26,3,6,8,19,32,34,35,12,30,0,0,13,5485700,108,924400,5553,10500,97779,1400,166517,1000,806994855
315,2019-05-03,3,11,18,26,30,33,37,28,31,3,413815400,5,14069200,159,619300,6455,8900,98226,1400,161077,1000,0
316,2019-05-10,3,9,10,17,30,33,34,6,8,1,348691900,12,4827400,135,600700,5666,8300,82071,1400,140345,1000,0
317,2019-05-17,7,8,14,15,16,20,29,18,19,0,0,4,14232400,76,1048600,4620,10100,75217,1500,116545,1200,340388440
318,2019-05-24,4,5,10,12,27,34,36,3,14,2,376602400,7,9773600,140,684100,6908,8100,105569,1300,162780,1000,0
319,2019-05-31,2,6,14,23,28,31,35,19,27,1,348796200,30,1908100,226,354600,7223,6500,94033,1200,149658,900,0
320,2019-06-07,5,6,18,22,26,33,34,36,37,1,333152300,7,7832200,121,634300,5868,7600,79530,1300,122679,1100,0
321,2019-06-14,15,24,27,28,29,34,35,9,25,0,0,9,6392100,86,936500,4828,9700,82937,1400,145249,900,352790235
322,2019-06-21,1,10,11,21,26,29,30,14,20,2,389402400,13,5354100,147,662800,7713,7400,101277,1300,152176,1100,0
323,2019-06-28,11,14,15,21,26,34,36,23,27,1,355424900,6,9655800,103,787400,4826,9800,77359,1500,146957,900,0
324,2019-07-05,9,13,16,17,18,19,20,30,36,0,0,2,27594700,97,796500,4121,10900,63156,1700,113947,1200,331147175
325,2019-07-12,4,14,17,18,21,31,33,6,20,0,0,5,13191000,97,951900,4977,10800,80144,1600,137151,1200,725726100
326,2019-07-19,1,2,17,18,24,27,29,12,32,2,584295200,5,14430500,103,980600,5032,11700,90286,1600,164592,1000,0
327,2019-07-26,1,3,13,14,16,30,31,2,17,1,325927600,5,10812400,95,796600,4617,9600,68651,1500,111898,1200,0
328,2019-08-02,3,9,10,14,19,24,30,18,21,1,319467200,5,10642200,114,653400,4490,9700,73061,1400,120577,1100,0
329,2019-08-09,3,10,19,20,26,28,30,15,25,0,0,4,12892800,89,811200,4430,9500,69036,1500,116797,1100,305395695
330,2019-08-16,3,4,10,12,17,18,20,19,32,1,674889600,4,15358000,120,716600,5435,9200,84712,1400,138394,1100,0
331,2019-08-23,5,7,11,12,15,18,20,19,30,0,0,6,8872000,126,591400,4999,8700,78083,1300,134724,900,331931710
332,2019-08-30,5,7,10,15,24,27,30,3,33,0,0,10,6623100,149,622300,7242,7500,107919,1200,177475,900,732637115
333,2019-09-06,1,4,10,11,16,24,34,30,32,0,0,8,9777700,163,671800,7178,8900,109222,1400,177114,1100,1200001505
334,2019-09-13,3,7,15,16,30,34,35,8,29,0,0,7,12684700,194,640700,8126,8900,127766,1400,218183,1000,1728403925
335,2019-09-20,9,10,17,18,22,25,35,13,14,0,0,9,10528600,195,680200,8483,9100,132338,1400,227897,1000,2147483647
336,2019-09-27,9,10,13,21,25,31,33,24,37,0,0,6,17333900,181,804400,8759,9700,142505,1400,236100,1100,2147483647
337,2019-10-04,5,7,10,12,14,24,35,11,33,1,1000000000,15,7307200,248,618700,11324,7900,170249,1300,293615,900,2147483647
338,2019-10-11,7,9,16,17,23,27,34,15,36,1,1000000000,19,5112700,194,701000,9853,8000,148918,1300,258463,900,2147483647
339,2019-10-18,11,15,18,20,23,25,32,9,37,1,1000000000,11,8388400,145,890800,7414,10200,120717,1500,219031,1000,1731734285
340,2019-10-25,6,14,17,26,27,30,36,12,28,1,1000000000,10,8665400,138,879000,7307,9700,115794,1500,208956,1000,1251961575
341,2019-11-01,4,11,17,27,29,31,36,19,24,1,1000000000,28,3169000,160,776300,7811,9300,124104,1400,219507,1000,783163535
342,2019-11-08,3,6,24,28,32,35,36,4,8,0,0,6,13918200,160,730600,7572,9000,118568,1400,208744,900,1299561660
343,2019-11-15,17,19,22,29,30,31,32,11,16,0,0,7,12200200,86,1390200,5697,12300,97660,1700,187577,1100,1816792475
344,2019-11-22,11,19,28,29,31,32,37,12,21,0,0,9,9436100,128,928800,7088,9800,112169,1500,184062,1100,2147483647
345,2019-11-29,6,9,10,18,28,31,32,24,35,1,1000000000,13,6971600,166,764300,7785,9500,127276,1400,220771,1000,1876447595
346,2019-12-06,11,16,18,23,30,31,35,3,27,1,1000000000,8,10549100,152,777200,7411,9300,116307,1400,221320,900,1393851380
347,2019-12-13,3,6,11,13,18,20,34,25,35,0,0,3,28386700,138,863900,6617,10500,114754,1500,201919,1000,1907271955
348,2019-12-20,2,5,17,18,19,20,33,1,24,0,0,8,11401900,157,813300,8482,8800,124300,1400,212396,1000,2147483647
349,2019-12-27,4,10,11,15,18,22,34,16,32,2,1000000000,12,8744800,235,625100,10738,8000,158812,1300,243446,1000,1114611465
350,2020-01-10,10,19,21,23,24,30,37,2,28,0,0,5,18728900,121,1083400,6766,11300,112411,1600,206560,1100,1683375425
351,2020-01-17,8,13,17,19,23,25,28,5,16,1,1000000000,17,5252200,191,654400,8478,8600,130438,1300,218272,1000,1225967125
352,2020-01-24,3,4,14,18,26,30,32,28,34,2,886941800,13,6928800,167,755100,7868,9400,121713,1500,207726,1000,0
353,2020-01-31,11,15,22,23,24,29,33,19,34,1,386956000,6,10732300,132,682900,6959,7600,97058,1300,157583,1000,0
354,2020-02-07,1,2,8,10,13,25,31,23,35,0,0,8,7729100,127,681600,6239,8100,91415,1300,138711,1100,372868110
355,2020-02-14,4,6,9,10,23,27,33,14,31,1,798697400,12,5911600,153,649100,6515,8900,106580,1300,174779,1000,0
356,2020-02-21,4,16,20,30,33,34,36,19,21,1,359572000,6,9961300,70,1195300,3631,13500,65274,1800,121276,1200,0
357,2020-02-28,5,8,12,13,14,24,30,27,35,0,0,10,5953800,105,793800,5414,9000,86659,1300,150754,900,371973830
358,2020-03-06,5,13,14,26,32,33,34,8,11,0,0,7,10038100,119,826600,5902,9700,88702,1600,161037,1000,801365640
359,2020-03-13,4,7,11,17,19,26,35,1,24,1,1000000000,12,6601900,174,637400,8048,8000,124609,1200,207525,900,290916085
360,2020-03-20,9,11,13,14,20,22,37,15,17,0,0,8,8665100,88,1102800,4676,12100,81988,1700,151412,1100,707367235
361,2020-03-27,5,9,16,20,29,33,35,2,8,1,1000000000,7,11398400,110,1015400,5816,11200,97576,1600,176827,1100,188195440
362,2020-04-03,4,7,8,14,22,24,27,13,26,1,616130500,8,8690600,160,608300,7457,7600,111255,1200,181273,900,0
363,2020-04-10,13,15,17,22,26,34,36,3,19,1,350725000,7,8122100,135,589500,5237,8900,78546,1400,131595,1000,0
364,2020-04-17,3,9,10,14,16,20,27,19,33,0,0,4,13281900,96,774700,5078,8500,77996,1300,131596,1000,320852305
365,2020-04-24,1,4,13,14,16,22,35,10,23,0,0,4,13698900,79,971000,4806,9300,74823,1400,126609,1000,660538520
366,2020-05-01,10,24,25,26,27,33,36,4,23,0,0,4,13274200,79,940900,4104,10600,67535,1500,126618,1000,985770885
367,2020-05-08,8,14,19,20,29,30,31,7,35,0,0,9,6356300,102,785100,4862,9600,75636,1500,128128,1100,1327551715
368,2020-05-15,7,8,9,13,21,34,35,3,20,0,0,8,8791700,143,688500,6742,8500,105147,1300,171958,1000,1751951140
369,2020-05-22,1,7,9,11,15,31,34,6,33,0,0,5,16734800,162,723000,7659,8900,120115,1400,200556,1000,2147483647
370,2020-05-29,7,10,16,25,26,33,34,24,35,0,0,12,8162000,193,710400,8425,9500,136361,1400,229546,1000,2147483647
371,2020-06-05,1,3,4,8,11,21,25,12,23,2,1000000000,17,6278700,263,568100,10712,8100,156650,1300,272106,900,1519597420
372,2020-06-12,6,8,22,23,32,33,36,9,27,1,1000000000,11,8192000,142,888400,7720,9500,119368,1500,220175,1000,1059631065
373,2020-06-19,2,3,17,18,22,23,31,4,30,0,0,11,8060400,134,926300,8026,9000,124274,1400,208406,1000,1601343530
374,2020-06-26,4,5,9,10,18,27,35,15,34,1,1000000000,10,9693300,246,551600,10899,7300,157940,1200,259076,900,1188343675
375,2020-07-03,13,15,18,19,23,27,32,34,35,1,1000000000,23,3910600,138,912400,7761,9500,123469,1400,222110,1000,730371255
376,2020-07-10,6,11,14,17,23,31,37,10,15,3,412353200,9,9345100,185,636400,8521,8100,123352,1300,209047,1000,0
377,2020-07-17,6,7,10,17,25,33,36,27,32,0,0,5,13102600,127,722100,6138,8700,95816,1300,156051,1000,402171575
378,2020-07-24,1,5,9,10,14,15,29,20,28,0,0,12,6106500,151,679300,6707,8900,105104,1400,175197,1000,843587990
379,2020-07-31,3,8,15,22,24,29,35,18,26,0,0,18,4511300,230,494200,9310,7100,125612,1300,200191,1000,1326515335
380,2020-08-07,8,14,24,25,32,34,36,13,16,2,923347500,15,5764000,150,806900,7801,9100,118016,1400,215179,1000,0
381,2020-08-14,4,8,25,26,27,31,32,9,22,1,381063500,5,12497500,115,760700,5407,9400,84842,1400,151506,1000,0
382,2020-08-21,2,3,5,8,19,22,37,16,28,1,369188600,4,15462300,129,671200,5782,8700,89293,1400,150505,1000,0
383,2020-08-28,8,11,15,22,26,28,30,10,20,0,0,10,6319700,145,610100,6176,8400,97501,1300,153383,1000,378153785
384,2020-09-04,3,7,15,18,26,30,31,9,33,0,0,20,3807600,190,561100,7883,7900,112856,1300,196135,900,848389185
385,2020-09-11,4,12,14,24,29,34,35,5,15,1,1000000000,12,6828200,202,567800,9477,7100,118923,1300,193635,1000,353636415
386,2020-09-18,9,19,22,32,35,36,37,7,21,0,0,6,12273200,86,1198700,4931,12200,89546,1600,157340,1100,804624070
387,2020-09-25,3,7,13,22,30,32,37,14,15,0,0,9,8797100,124,893800,6062,10700,98008,1600,189963,1000,1282685065
388,2020-10-02,1,6,8,10,18,21,32,13,28,0,0,11,8005900,118,1044800,6967,10300,116250,1500,206896,1000,1819256050
389,2020-10-09,1,6,11,13,18,24,27,17,23,3,783897800,9,9751700,228,538900,8544,8400,128735,1300,214659,1000,0
390,2020-10-16,3,6,19,21,23,26,27,30,34,0,0,6,10491400,111,793900,5177,9900,86684,1400,143274,1000,391476860
391,2020-10-23,10,23,27,32,33,35,37,24,26,0,0,8,9366400,108,971300,5193,11800,92949,1600,160194,1100,847273605
392,2020-10-30,1,4,6,15,20,22,26,18,21,2,675744100,10,8318100,139,837700,6569,10400,108197,1500,181718,1100,0
393,2020-11-06,7,14,15,22,27,30,31,9,32,1,388842900,18,3523800,173,513200,7173,7200,98663,1300,160022,900,0
394,2020-11-13,6,10,22,23,27,32,33,8,19,0,0,27,2268700,207,414200,7926,6300,94991,1300,164740,900,366674380
395,2020-11-20,1,2,5,20,26,29,32,8,9,3,270621900,7,10529500,80,1289800,4725,12800,83410,1700,180779,1000,0
396,2020-11-27,2,3,5,8,16,20,34,26,31,0,0,7,8652900,92,921700,5149,9600,82997,1400,134718,1100,366819660
397,2020-12-04,4,12,13,15,21,28,37,7,20,0,0,15,4876800,131,781700,7060,8500,107285,1300,177064,1000,812294860
398,2020-12-11,3,4,10,17,20,22,33,1,6,0,0,9,8938000,135,834200,7096,9300,111518,1400,197911,1000,1296202550
399,2020-12-18,7,15,19,20,21,33,36,4,10,0,0,14,6212300,137,888700,7501,9500,112970,1500,197889,1000,1834932435
400,2020-12-25,4,17,22,28,30,31,35,25,34,0,0,6,16604900,219,636800,9043,9000,135365,1400,219734,1100,2147483647
401,2021-01-08,4,5,9,14,18,30,35,1,33,0,0,6,18702000,173,908000,9392,9800,157204,1400,263431,1000,2147483647
402,2021-01-15,7,9,12,17,20,26,29,4,13,0,0,11,9424800,199,729300,8946,9500,139603,1500,253104,1000,2147483647
403,2021-01-22,2,6,8,12,19,20,29,5,26,0,0,16,7034600,209,753900,10493,8800,160099,1400,277426,1000,2147483647
404,2021-01-29,4,8,13,16,25,30,32,9,26,1,1000000000,19,6435200,338,506400,12289,8100,177419,1300,299495,1000,2147483647
405,2021-02-05,3,10,16,17,24,32,36,11,29,1,1000000000,40,2839700,265,600000,11201,8300,160364,1400,279209,1000,2147483647
406,2021-02-12,1,2,5,16,18,21,29,24,25,0,0,9,11590300,140,1043100,8035,10600,132750,1500,234763,1100,2147483647
407,2021-02-19,19,21,25,26,28,30,31,9,16,0,0,9,11974300,140,1077600,7275,12100,130052,1600,236344,1100,2147483647
408,2021-02-26,16,18,19,21,29,30,35,14,28,0,0,17,6668900,201,789600,8976,10300,143898,1500,239143,1100,2147483647
409,2021-03-05,13,15,16,24,30,31,37,12,33,2,1000000000,12,9712400,209,780700,9617,9900,149678,1500,250298,1100,2147483647
410,2021-03-12,1,2,18,21,26,29,37,9,36,0,0,12,9016600,151,1003100,8484,10400,128783,1700,234655,1100,2147483647
411,2021-03-19,4,11,12,21,23,27,36,9,14,1,1000000000,22,5005100,239,644900,11396,7900,168943,1300,296752,900,2147483647
412,2021-03-26,14,20,22,29,31,33,34,15,24,0,0,16,6660200,174,857300,9577,9100,139977,1500,230790,1100,2147483647
413,2021-04-02,3,10,16,18,19,34,35,27,36,1,1000000000,14,8438000,187,884400,9545,10100,155215,1500,270403,1000,2147483647
414,2021-04-09,3,8,16,21,25,36,37,14,20,1,1000000000,20,5285900,213,694800,9472,9100,143262,1400,233701,1100,2147483647
415,2021-04-16,4,8,12,13,23,32,37,16,35,6,916445700,17,6169300,200,734100,9672,8900,150747,1400,253869,1000,0
416,2021-04-23,8,9,10,15,16,30,31,29,36,1,429819100,10,7142100,161,621000,7094,8200,106925,1300,175578,1000,0
417,2021-04-30,4,5,13,18,23,27,32,9,11,2,209683200,18,3842300,137,706700,7439,7600,102586,1300,186587,900,0
418,2021-05-07,10,13,17,18,22,28,37,1,20,1,389059300,5,13020600,89,1024000,4923,10800,81754,1600,132113,1200,0
419,2021-05-14,3,11,14,21,26,29,34,22,33,2,190298900,4,15874700,146,608800,6512,8000,92017,1400,152031,1000,0
420,2021-05-21,4,5,11,13,24,32,34,2,3,0,0,7,8680800,85,1000800,5018,9900,83656,1400,140942,1000,375095330
421,2021-05-28,9,15,18,26,28,32,37,21,36,0,0,6,11596300,120,811700,6058,9400,94384,1400,157399,1100,794723940
422,2021-06-04,1,9,21,23,30,35,36,5,6,0,0,8,9103000,206,494900,7074,8400,97729,1500,173131,1000,1233906425
423,2021-06-11,1,7,9,11,29,31,32,2,6,2,849866300,11,7015200,122,885500,7194,8800,112047,1300,192350,1000,0
424,2021-06-18,5,6,12,19,25,30,35,26,33,0,0,17,3807700,144,629300,6349,8300,95292,1300,153959,1000,396864750
425,2021-06-25,2,9,14,20,22,34,35,7,24,0,0,6,12027500,138,732000,5493,10700,88916,1600,159744,1100,831040900
426,2021-07-02,1,2,6,8,30,31,33,13,35,1,1000000000,5,16047800,121,928300,5774,11400,104229,1500,176644,1100,316221110
427,2021-07-09,11,13,26,27,31,33,37,9,18,2,383434200,10,7307100,122,838500,5752,10400,97154,1500,183235,900,0
428,2021-07-16,3,6,16,22,31,34,35,24,32,0,0,2,30630300,100,857600,4776,10500,78859,1500,134265,1100,372261370
429,2021-07-23,6,11,14,27,30,32,35,18,24,0,0,15,4534800,132,721400,6151,9000,92298,1400,162590,1000,789467390
430,2021-07-30,2,12,17,24,28,30,32,3,27,0,0,8,9329400,133,785600,6783,9000,104881,1400,175085,1000,1245188435
431,2021-08-06,7,11,12,17,19,20,26,2,3,0,0,14,5654000,110,1007400,7134,9100,107170,1400,200427,900,1739327690
432,2021-08-13,5,10,13,24,29,30,35,21,31,0,0,12,6875000,159,726400,7355,9200,116284,1400,205507,1000,2147483647
433,2021-08-20,14,17,20,25,32,33,36,10,34,3,924772200,5,18051800,208,607500,7787,9500,115046,1500,186504,1200,0
434,2021-08-27,10,11,12,17,29,34,37,26,30,1,380539500,10,6231100,116,752000,5217,9800,84556,1400,150152,1000,0
435,2021-09-03,3,5,7,11,15,17,25,13,32,1,381436800,17,3665700,183,476700,7126,7100,99874,1200,148388,1000,0
436,2021-09-10,5,6,21,22,26,31,32,18,36,1,369299700,7,8803000,82,1052000,4061,12400,74584,1600,139501,1100,0
437,2021-09-17,8,10,14,15,23,25,26,1,11,2,179193600,7,8580100,95,885000,4828,10200,80324,1500,146799,1000,0
438,2021-09-24,4,13,16,21,32,34,37,27,33,2,178941700,7,8440000,197,419800,5374,9000,79677,1500,138136,1000,0
439,2021-10-01,1,3,6,9,26,29,31,14,18,4,88576400,8,7335600,143,574500,6080,7900,91170,1300,153997,900,0
440,2021-10-08,5,10,17,18,19,22,32,14,35,0,0,4,14358600,89,903400,4718,9900,78846,1400,134203,1000,354102975
441,2021-10-15,15,21,22,23,27,28,37,8,25,0,0,8,8588600,103,933800,5503,10200,90085,1500,158968,1000,775975100
442,2021-10-22,6,13,14,16,19,30,32,25,36,0,0,12,6279000,90,1172000,5564,11100,96830,1500,174526,1000,1241142145
443,2021-10-29,1,5,8,26,28,32,36,23,24,1,1000000000,9,9471100,108,1104900,6249,11200,109679,1500,206470,1000,758020130
444,2021-11-05,11,15,16,17,18,27,29,25,33,0,0,19,4101500,130,839200,6843,9300,111162,1400,194994,900,1238948930
445,2021-11-12,4,22,25,27,28,30,33,2,3,1,1000000000,8,11093600,143,868800,6894,10500,117831,1500,207372,1000,779732175
446,2021-11-19,1,7,9,12,15,29,32,11,28,1,1000000000,15,5268700,157,704700,7985,8100,120075,1300,212024,900,256204385
447,2021-11-26,3,5,8,13,26,30,37,25,28,0,0,18,3943200,182,545900,7890,7300,113255,1200,182687,900,695878330
448,2021-12-03,7,21,24,29,32,36,37,22,27,1,1000000000,8,9756100,127,860300,5855,10900,99083,1500,172637,1100,170579150
449,2021-12-10,2,21,26,27,32,33,34,8,9,1,591586300,3,23462400,98,1005500,4671,12300,83683,1700,170223,1000,0
450,2021-12-17,2,7,12,15,21,23,30,9,31,0,0,9,6873400,96,902100,5855,8600,91049,1300,166103,900,376930305
451,2021-12-24,2,15,22,25,28,33,37,10,17,1,835216700,4,19135200,96,1116200,6319,9900,99065,1500,173320,1100,0
452,2022-01-07,5,17,20,21,31,34,35,8,27,3,139643300,12,5845400,106,926400,5256,10900,86784,1600,157415,1100,0
453,2022-01-14,2,8,10,21,24,26,35,9,13,1,392246900,7,9075300,92,966700,5910,8800,84399,1500,158899,900,0
454,2022-01-21,8,17,21,26,27,29,31,1,33,2,184610500,2,29617300,83,999100,4926,9800,80565,1400,135336,1000,0
455,2022-01-28,1,5,8,15,18,26,36,33,34,1,358799300,7,8585100,120,701100,5411,9100,84271,1400,135713,1100,0
456,2022-02-04,9,15,17,18,22,25,31,33,36,0,0,6,9803400,123,669400,5498,8700,84291,1400,143919,1000,351220380
457,2022-02-11,7,14,19,27,31,35,36,9,33,0,0,4,16901700,156,606700,6114,9000,92737,1400,158458,1000,767707325
458,2022-02-18,7,11,12,14,19,21,33,6,37,0,0,12,6468500,117,928800,7029,9000,109832,1400,188961,1000,1233867515
459,2022-02-25,2,4,7,8,10,20,29,14,33,2,876605800,10,8363400,230,509000,8888,7700,124348,1300,190387,1000,0
460,2022-03-04,5,6,9,23,27,28,30,4,13,2,185574900,13,4563200,148,561100,6069,8000,94014,1200,167614,800,0
461,2022-03-11,2,13,19,22,32,35,37,14,33,0,0,3,19282900,83,975700,4496,10500,74309,1500,128410,1100,350130755
462,2022-03-18,7,11,24,27,29,34,35,4,18,0,0,6,11907300,133,752000,6434,9100,103904,1300,189153,900,789093935
463,2022-03-25,3,7,13,16,19,24,30,6,10,1,1000000000,8,9731500,154,707700,7118,8900,111334,1400,188197,1000,256511440
464,2022-04-01,7,8,13,17,30,32,36,1,10,0,0,8,9548700,117,914000,5875,10600,102330,1500,174414,1000,724731120
465,2022-04-08,1,4,5,13,27,31,35,15,22,2,612005700,13,6252400,142,801300,7444,8900,116902,1400,204646,900,0
466,2022-04-15,5,6,8,14,15,25,29,18,33,1,371149000,8,7481800,128,654600,5359,9100,88609,1300,152760,900,0
467,2022-04-22,7,8,11,13,14,26,30,31,34,1,363023100,6,9705400,179,455400,6731,7100,99161,1100,149425,900,0
468,2022-04-29,3,12,15,16,25,29,37,26,28,0,0,5,11266000,98,804600,4877,9400,77645,1400,132332,1000,346112810
469,2022-05-06,1,6,8,13,16,30,33,23,28,1,766258900,13,5286800,131,734400,5855,9600,93468,1400,165111,1000,0
470,2022-05-13,2,3,9,16,27,32,36,1,34,0,0,6,9324200,112,699300,5344,8500,81283,1300,120313,1100,345223985
471,2022-05-20,3,5,7,8,11,19,34,17,32,3,261527700,11,6397500,187,526800,8192,7000,121220,1100,178602,900,0
472,2022-05-27,5,7,8,32,33,34,36,4,6,0,0,14,4049300,82,967800,4297,10800,75806,1500,129676,1000,347257105
473,2022-06-03,6,11,21,24,28,33,37,8,27,0,0,11,6335900,142,687100,5725,9900,93098,1500,172867,1000,761236930
474,2022-06-10,3,17,19,21,24,32,34,27,28,0,0,12,6815000,130,880700,6755,9900,106983,1500,194233,1000,1258629865
475,2022-06-17,1,2,22,24,26,31,37,12,19,0,0,5,18160100,114,1115000,6213,12000,107193,1700,203328,1100,1798521465
476,2022-06-24,4,7,9,15,22,24,31,21,37,1,1000000000,10,9773300,244,560700,10292,7700,152643,1200,230108,1000,1404246345
477,2022-07-01,2,5,9,19,25,32,37,7,29,0,0,12,7454500,157,797600,7914,9200,120998,1500,221337,1000,1933822255
478,2022-07-08,6,8,11,13,16,20,32,12,34,0,0,12,7921900,156,853100,7836,9900,130318,1400,216219,1000,2525811230
479,2022-07-15,8,11,13,18,24,30,31,21,23,1,1000000000,11,8936600,219,628400,9962,8100,149706,1300,240651,1000,2114492070
480,2022-07-22,10,13,19,21,26,30,36,22,34,0,0,9,10318300,155,838700,7296,10400,119253,1500,200243,1100,2683003435
481,2022-07-29,1,10,13,14,16,25,27,5,21,0,0,6,16151700,118,1149700,6897,11500,118307,1600,216994,1100,3264697670
482,2022-08-05,2,5,14,15,17,19,36,8,34,1,1000000000,9,11429800,118,1220400,7589,11100,130819,1500,247403,1000,2892776345
483,2022-08-12,2,11,20,23,25,36,37,29,34,1,1000000000,8,11551300,129,1002800,6841,11000,111896,1600,190202,1200,2448680740
484,2022-08-19,1,4,6,9,13,22,31,29,30,2,1000000000,13,7291500,229,579400,9708,8000,143522,1300,233469,1000,1016148635
485,2022-08-26,4,6,17,20,22,24,26,8,9,0,0,21,4232800,154,808000,7126,10200,113588,1500,231428,900,1563657040
486,2022-09-02,8,13,15,23,24,31,35,14,19,2,1000000000,13,7019100,243,525700,10476,7100,153072,1200,226244,1000,104712900
487,2022-09-09,9,10,13,15,26,34,37,22,36,1,552858100,12,6097800,154,665200,7044,8500,104051,1400,168573,1000,0
488,2022-09-16,3,13,16,18,19,20,35,2,11,1,383488500,4,15564800,75,1162100,4222,12100,70925,1700,131335,1100,0
489,2022-09-23,3,6,7,15,25,29,31,8,14,1,354131100,12,4843000,109,746400,5679,8400,86726,1300,153879,900,0
490,2022-09-30,12,14,18,21,23,29,37,7,15,0,0,4,14892600,95,877800,4529,10800,73211,1600,139579,1000,363773865
491,2022-10-07,3,14,17,21,22,32,35,6,30,1,773648000,5,13627400,122,781800,5856,9500,88701,1500,151919,1100,0
492,2022-10-14,7,10,12,15,23,31,37,9,18,1,366686800,9,6535600,161,511400,6354,7600,92253,1200,150333,900,0
493,2022-10-21,5,13,14,20,21,25,31,9,36,0,0,6,9748200,79,1036500,4497,10600,75308,1500,134491,1000,362128220
494,2022-10-28,7,9,12,22,28,29,32,17,19,2,395981700,12,5907500,114,870500,6941,8300,102791,1300,175537,1000,0
495,2022-11-04,2,16,19,20,22,33,36,6,32,0,0,8,7412400,91,912200,4588,10600,72963,1600,124363,1100,364184980
496,2022-11-11,5,8,15,18,25,27,36,10,26,2,405019800,11,6668400,167,614900,7528,8000,109915,1300,175299,1000,0
497,2022-11-18,18,20,24,26,27,30,33,17,19,0,0,5,11694000,66,1240200,3980,12000,69262,1700,125092,1100,353930960
498,2022-11-25,6,8,12,20,21,24,29,4,18,0,0,10,7047300,129,764800,6769,8500,99491,1400,176414,900,790251330
499,2022-12-02,5,9,14,18,27,32,34,6,12,0,0,16,4829400,221,489400,8096,7800,111022,1400,181916,1000,1258068270
500,2022-12-09,17,18,24,30,31,32,35,6,36,0,0,15,5579300,152,770800,6824,10000,110163,1500,190311,1000,1774703030
501,2022-12-16,1,2,4,7,12,14,31,30,33,1,1000000000,6,15919600,218,613400,9286,8400,141492,1300,215790,1100,1348731375
502,2022-12-23,1,2,12,17,21,22,33,4,30,0,0,3,30444100,150,852400,7626,9800,119205,1500,208484,1000,1913011705
503,2022-12-30,5,7,8,13,23,26,33,31,37,0,0,18,5592500,208,677500,10395,7900,161047,1200,257833,900,2536777440
504,2023-01-06,1,3,4,5,6,29,31,11,14,1,1000000000,13,7371600,217,618200,11701,6700,141326,1300,258873,900,2118551250
505,2023-01-13,9,10,12,15,16,28,36,1,23,0,0,12,8258600,275,504500,11204,7200,154200,1300,245688,1000,2705376860
506,2023-01-20,8,14,19,22,29,31,37,3,21,2,1000000000,12,8445600,222,639100,10164,8100,147222,1300,246924,1000,1323589725
507,2023-01-27,4,19,25,26,30,32,36,1,15,1,1000000000,7,12331700,138,875700,6430,11000,108277,1600,184832,1100,846306770
508,2023-02-03,1,5,6,9,16,26,31,25,33,1,1000000000,7,11909300,179,652000,8638,7900,121633,1300,192948,1000,363778090
509,2023-02-10,10,14,22,26,27,32,33,20,37,0,0,3,23900300,105,955900,5911,9900,92429,1500,146055,1200,797065930
510,2023-02-17,3,5,9,11,17,33,37,4,22,0,0,9,8723400,200,549500,8931,7200,123907,1200,202126,900,1284408195
511,2023-02-24,1,9,14,24,28,36,37,16,31,0,0,7,11814000,129,897400,6226,10900,103546,1600,184705,1100,1776990695
512,2023-03-03,5,7,17,22,25,26,28,3,23,1,1000000000,12,7355400,131,943200,7212,10000,123047,1400,219819,1000,1304641875
513,2023-03-10,1,4,10,13,15,19,37,16,20,0,0,11,7467800,138,833300,7276,9200,108546,1500,170255,1200,1793659590
514,2023-03-17,1,5,10,17,20,27,37,3,22,1,1000000000,9,9414800,184,644600,8052,8600,114858,1400,208867,1000,1306911980
515,2023-03-24,3,15,17,22,26,27,28,6,8,0,0,15,5921900,141,881900,8542,8500,129985,1300,241648,900,1846022580
516,2023-03-31,7,12,15,16,18,25,36,9,19,2,1000000000,10,8722600,136,897900,8037,8900,128293,1300,215501,1000,372374340
517,2023-04-07,3,6,10,16,26,29,31,7,24,0,0,8,9170800,147,698700,6834,8800,101882,1400,180354,1000,813677235
518,2023-04-14,5,8,11,24,30,32,36,4,35,1,1000000000,9,8971200,260,434700,9685,6800,133741,1200,210513,900,305177955
519,2023-04-21,1,2,8,14,17,21,34,20,26,0,0,13,5643900,122,841900,6866,8700,103914,1400,164126,1100,743906085
520,2023-04-28,9,22,25,28,33,34,37,15,16,1,1000000000,22,3698400,165,690300,7403,9000,112026,1400,202352,1000,232407180
521,2023-05-05,21,24,25,27,30,33,36,3,31,1,638520100,8,8456400,135,701500,5258,10500,80122,1700,147891,1100,0
522,2023-05-12,1,10,12,19,22,25,37,2,34,0,0,10,6067800,127,668800,5525,9000,83782,1400,134880,1100,366464655
523,2023-05-19,3,17,19,27,28,32,35,2,34,0,0,6,11262000,127,744800,6025,9200,94864,1400,145968,1100,776983410
524,2023-05-26,4,17,22,27,29,31,34,3,37,1,1000000000,11,6798900,140,747800,7028,8700,106455,1400,187891,900,238111585
525,2023-06-02,11,14,17,18,21,25,31,1,27,0,0,7,9544900,94,995000,5118,10700,85778,1500,154759,1000,650728380
526,2023-06-09,4,13,17,19,20,26,29,2,28,0,0,10,7403300,115,901200,5873,10300,96844,1500,164817,1100,1095600170
527,2023-06-16,4,8,12,25,27,32,34,15,17,0,0,20,3983900,188,593300,7580,8600,116209,1300,205886,900,1589401330
528,2023-06-23,5,7,10,19,30,32,33,1,17,1,1000000000,12,7076600,147,808700,6753,10300,113489,1500,202552,1000,1101315455
529,2023-06-30,7,9,13,14,22,26,29,10,21,0,0,6,13577000,195,584800,8405,7900,124745,1300,194268,1000,1593884710
530,2023-07-07,1,11,13,28,29,30,34,23,27,2,1000000000,9,9467200,114,1046300,6398,10900,105288,1600,193759,1000,119381960
531,2023-07-14,4,6,9,11,14,28,30,10,12,0,0,15,4506500,188,503300,7243,7600,102958,1300,180894,900,527312195
532,2023-07-21,4,9,13,18,26,28,36,8,16,3,321126500,10,7103000,154,645700,7151,8100,103172,1300,170061,1000,0
533,2023-07-28,2,4,9,11,14,25,37,29,32,0,0,7,8311900,126,646400,5849,8100,87880,1300,138522,1000,353679775
534,2023-08-04,10,17,18,19,20,24,25,30,32,0,0,20,3650500,94,1087300,5334,11200,87257,1600,159883,1100,798902130
535,2023-08-11,5,11,12,19,29,32,36,9,26,0,0,12,6008000,145,696000,6372,9200,101038,1400,186976,900,1240705000
536,2023-08-18,8,12,16,17,22,28,34,9,37,1,1000000000,14,5789500,263,431400,7787,8500,118669,1300,196925,1000,734146400
537,2023-08-25,2,3,9,13,14,35,37,4,17,2,591245200,10,7528900,118,893200,5834,10500,101012,1500,184920,1000,0
538,2023-09-01,1,2,11,12,16,25,28,6,22,0,0,14,4363900,137,624300,6204,8000,91770,1300,152580,1000,365023765
539,2023-09-08,4,6,8,18,20,27,35,24,26,0,0,11,6340000,130,751000,6110,9300,95689,1400,169636,1000,788274925
540,2023-09-15,3,7,10,18,19,28,36,13,26,1,1000000000,8,9351500,208,503500,8111,7500,118372,1200,191843,900,253416760
541,2023-09-22,6,14,23,25,27,28,34,19,37,3,214363900,5,13141400,118,779500,5478,9800,87354,1500,149062,1100,0
542,2023-09-29,2,9,26,31,33,35,36,15,20,0,0,6,9690100,57,1427900,3951,12000,71166,1600,136784,1000,355270600
543,2023-10-06,2,11,13,18,23,24,36,17,26,0,0,6,11490200,128,754000,6228,9000,96296,1400,160064,1000,779041445
544,2023-10-13,10,11,18,21,22,29,34,4,32,0,0,10,7362700,127,811600,6507,9200,101005,1400,178633,1000,1226494485
545,2023-10-20,3,12,16,17,27,30,34,15,37,0,0,14,5862500,162,709200,7548,8900,115393,1400,192578,1000,1727480875
546,2023-10-27,7,14,17,28,33,35,36,13,27,1,1000000000,24,3629800,216,564600,9142,7800,130819,1300,230481,900,1257626450
547,2023-11-03,4,11,14,18,23,25,29,17,32,2,875502100,20,3981200,145,768700,8399,7700,124447,1200,208190,900,0
548,2023-11-10,1,13,16,17,18,25,30,20,34,0,0,2,30060800,85,990200,4195,11700,74141,1600,123770,1200,359358250
549,2023-11-17,13,19,20,28,33,34,35,4,32,1,780388600,7,9876200,81,1194800,4913,11500,83442,1600,150753,1100,0
550,2023-11-24,7,8,13,22,24,29,30,10,35,1,355939600,6,9698900,107,761300,5318,8900,85450,1300,139581,1000,0
551,2023-12-01,15,16,17,22,29,32,37,23,24,1,360740200,14,4153100,98,830600,4376,10900,74056,1500,133852,1000,0
552,2023-12-08,7,11,12,16,18,33,34,1,14,1,366833400,6,9987700,91,921900,5089,9600,84631,1400,139227,1000,0
553,2023-12-15,2,6,13,15,16,20,33,9,28,0,0,6,9757600,110,745100,4101,11700,68147,1700,137167,1000,356888310
554,2023-12-22,4,10,15,17,29,32,36,13,30,1,792744800,12,6025600,191,529900,7069,8400,103729,1400,172086,1000,0
555,2023-12-29,9,12,17,19,26,32,34,11,22,0,0,8,7828000,108,811700,5749,8900,87701,1400,152455,1000,377317740
556,2024-01-05,17,20,26,28,29,33,35,1,6,0,0,4,14527600,84,968400,4436,10700,72365,1600,122241,1100,732601355
557,2024-01-12,3,5,7,10,17,18,35,2,21,1,1000000000,14,5228100,146,701800,6976,8600,110129,1300,180274,1000,171654495
558,2024-01-19,15,20,21,22,23,26,34,6,10,0,0,7,9408900,86,1072100,4835,11100,80066,1600,138145,1100,578024470
559,2024-01-26,3,4,10,13,15,18,22,2,16,0,0,13,5473800,134,743400,6251,9300,100486,1400,162847,1000,1015997335
560,2024-02-02,3,20,29,32,33,34,35,2,24,0,0,8,10266300,148,776800,6031,11100,98805,1600,166341,1200,1514273370
561,2024-02-09,6,8,19,20,27,32,37,13,33,1,1000000000,8,10820000,127,954100,6394,11100,108253,1600,188802,1100,1035102155
562,2024-02-16,2,14,15,20,28,30,34,3,4,0,0,11,7384100,120,947600,5777,11500,98816,1600,180288,1100,1524980265
563,2024-02-23,1,4,6,14,16,19,31,12,18,0,0,8,10311600,159,726300,6606,10200,105711,1500,186298,1100,2021090665
564,2024-03-01,9,13,15,18,22,24,30,6,27,1,1000000000,24,3852600,210,616400,9438,8000,145843,1200,233839,900,1599136785
565,2024-03-08,3,6,9,11,19,30,36,1,33,2,1000000000,35,2424200,211,562900,9469,7300,130014,1300,207730,1000,106747050
566,2024-03-15,3,5,18,25,28,35,37,7,8,1,537618600,8,8900300,154,647200,6517,8900,96769,1400,195295,900,0
567,2024-03-22,6,8,16,18,19,34,37,15,30,0,0,4,14460300,93,870700,4514,10500,74726,1500,127866,1100,349829715
568,2024-03-29,8,18,20,29,30,33,34,5,23,0,0,7,9873200,131,738500,5684,9900,91484,1500,154541,1100,762967010
569,2024-04-05,12,15,17,22,30,34,35,5,9,0,0,10,7651000,125,856900,5759,10900,99219,1500,194120,900,1236414000
570,2024-04-12,1,3,9,12,25,26,35,29,31,2,869044700,10,8201300,271,423600,7496,8900,116111,1400,190659,1000,0
571,2024-04-19,13,26,27,29,30,34,37,2,23,0,0,4,14767000,90,918800,4415,10900,75152,1500,122724,1200,355631760
572,2024-04-26,1,2,4,19,21,26,28,3,25,0,0,2,34481400,99,975200,5026,11200,89528,1500,156133,1100,768241650
573,2024-05-03,11,12,18,19,23,26,31,15,25,0,0,5,14263100,145,688500,6395,9100,100437,1400,172979,1000,1197840385
574,2024-05-10,4,5,13,16,22,23,35,36,37,0,0,14,5613800,143,769400,6932,9300,109148,1400,176949,1100,1669082515
575,2024-05-17,2,12,18,20,25,28,30,9,23,0,0,13,6423800,115,1016600,6351,10800,106422,1500,195726,1000,2183545155
576,2024-05-24,11,13,14,18,19,23,31,7,27,0,0,12,7195900,135,895400,7859,9000,120892,1400,228683,900,2708086840
577,2024-05-31,11,13,19,25,29,36,37,18,30,1,1000000000,9,10372100,170,768700,7663,10000,125128,1500,223594,1000,2269144745
578,2024-06-07,2,15,19,20,22,31,36,13,23,0,0,13,6769900,149,826900,6696,10700,107198,1600,202202,1000,2812746370
579,2024-06-14,7,19,23,33,34,35,36,5,10,1,1000000000,11,8436500,135,962300,7206,10500,123035,1500,201669,1100,2373524405
580,2024-06-21,4,13,14,15,17,27,33,2,11,0,0,9,9826200,156,793600,7544,9600,125163,1400,210700,1000,2908940140
581,2024-06-28,3,8,10,15,18,23,37,17,24,2,1000000000,12,7743100,226,575500,8914,8500,138044,1300,238776,900,1482952630
582,2024-07-05,5,7,22,29,30,32,36,3,33,1,1000000000,8,10538700,133,887400,6835,10100,113226,1500,193754,1000,997731440
583,2024-07-12,1,5,8,9,20,30,37,11,26,0,0,8,9744000,151,722700,6683,9500,105944,1400,191744,1000,1470132865
584,2024-07-19,10,11,12,17,23,30,36,20,21,0,0,13,6183900,155,726100,7946,8300,118488,1300,180140,1100,1955353800
585,2024-07-26,6,11,13,14,16,27,34,12,25,1,1000000000,7,11717100,125,918600,7130,9400,114634,1400,192783,1000,1456719310
586,2024-08-02,1,2,4,14,15,22,23,13,36,1,1000000000,13,6435200,145,807700,7369,9300,115199,1400,198040,1000,968941030
587,2024-08-09,15,18,21,22,23,25,32,1,30,1,1000000000,6,12684600,96,1109800,5667,11000,97589,1500,158922,1100,440637795
588,2024-08-16,3,5,9,13,15,21,31,12,17,1,866631700,7,10000200,162,604900,8288,6900,112218,1200,187524,900,0
589,2024-08-23,1,6,8,9,14,29,33,5,23,0,0,6,9836500,108,765000,5366,9000,87189,1300,151319,900,365379630
590,2024-08-30,1,3,9,10,15,25,35,19,28,1,775029900,9,7570500,139,686200,6431,8700,98541,1400,162083,1000,0
591,2024-09-06,4,7,8,11,21,23,35,10,24,1,363216400,5,11968400,159,526900,6292,7800,95260,1200,162045,900,0
592,2024-09-13,3,8,11,15,19,24,32,14,30,4,87523300,5,11570100,246,329200,7760,6100,95465,1200,138086,1000,0
593,2024-09-20,3,8,9,14,15,22,32,1,12,2,170952500,12,4721900,156,508500,6549,7100,93941,1200,150668,900,0
594,2024-09-27,5,12,21,25,27,34,36,10,32,0,0,4,14140200,98,808000,4775,9700,75500,1500,122949,1100,340766705
595,2024-10-04,14,15,16,19,25,28,33,6,29,2,366536500,5,13147500,102,902200,4906,11000,83017,1600,145095,1100,0
596,2024-10-11,1,9,16,19,23,29,32,5,37,1,348533900,16,3568100,102,783500,5176,9000,79044,1400,135746,1000,0
597,2024-10-18,2,4,14,15,22,27,34,1,5,1,340034100,11,5127300,129,612000,5777,8000,82197,1300,127887,1100,0
598,2024-10-25,1,4,7,11,12,18,26,3,33,0,0,19,2948300,193,406300,7561,6000,99897,1100,159869,800,346336115
599,2024-11-01,4,7,16,19,26,31,33,25,29,0,0,10,6748600,142,665300,5733,9600,90065,1500,156943,1000,757610605
600,2024-11-08,1,2,12,16,19,29,32,9,37,2,605878500,9,8344100,136,773000,6639,9200,100210,1500,178341,1000,0
601,2024-11-15,4,8,18,20,29,35,37,19,34,0,0,8,7034100,103,764800,4495,10200,69638,1600,121322,1100,341623880
602,2024-11-22,7,15,18,24,29,31,34,5,25,1,748847700,14,4787500,129,727400,6357,8600,95864,1400,157071,1000,0
603,2024-11-29,4,9,10,23,28,30,34,18,31,0,0,4,14144500,89,889900,5200,8900,81984,1400,132165,1000,342553405
604,2024-12-06,4,6,9,12,25,31,36,27,30,1,752223400,10,6838400,156,613600,6826,8200,102518,1300,169531,1000,0
605,2024-12-13,2,8,15,26,28,31,32,19,24,2,178072800,868,66200,132,609900,5516,8500,81272,1400,143908,900,0
606,2024-12-20,9,17,18,20,22,27,36,25,37,0,0,2,28280000,89,889600,4737,9800,75921,1500,123899,1100,338982680
607,2024-12-27,12,14,20,27,31,34,37,19,21,0,0,7,10960200,115,933900,5671,11100,91878,1600,165827,1100,808753825
608,2025-01-10,7,10,11,18,20,29,30,32,36,0,0,10,8639800,200,604700,8848,8000,132329,1300,194301,1100,1323081880
609,2025-01-17,4,11,12,23,26,32,37,1,9,0,0,12,6953000,156,748700,7808,8700,118584,1400,210772,900,1837033120
610,2025-01-24,1,8,9,23,24,31,36,21,28,2,1000000000,13,6931800,172,733400,9091,8100,138054,1300,216296,1000,380263390
611,2025-01-31,7,8,11,18,20,30,34,5,14,1,805690900,7,9981300,151,647700,6885,8300,103668,1300,167800,1000,0
612,2025-02-07,5,13,16,23,27,31,34,26,33,1,357391600,3,19408300,137,594900,5619,8500,79216,1400,125666,1100,0
613,2025-02-14,3,5,6,10,19,21,35,13,27,1,453102600,12,4477900,233,265600,7688,4800,98001,1200,154525,1000,0
614,2025-02-21,14,21,22,23,24,28,34,5,37,2,207555000,6,8222100,78,728500,4122,8300,71114,1600,124158,1100,0
615,2025-02-28,4,11,21,26,27,28,33,10,13,0,0,5,9904300,100,570400,5119,6700,83956,1300,150454,900,423508450
616,2025-03-07,7,15,20,28,29,34,36,1,35,0,0,5,11794900,127,534900,6128,6700,96876,1400,154738,1100,913032910
617,2025-03-14,2,6,10,12,25,28,35,27,31,1,1200000000,15,4639700,186,431000,7781,6200,121794,1300,194794,1000,298721810
618,2025-03-21,7,17,20,23,24,34,36,25,35,0,0,5,11191500,105,613800,5328,7300,89467,1400,144750,1100,768982020
619,2025-03-28,8,9,18,20,27,29,32,7,12,0,0,15,4182400,151,478500,7190,6000,110787,1300,190055,900,1300543185
620,2025-04-04,2,4,8,10,12,29,32,6,13,1,1200000000,11,6287200,160,497900,8655,5500,128170,1200,204580,900,695876615
621,2025-04-11,1,2,12,13,14,30,36,9,24,0,0,7,8715900,87,807800,5161,8200,88530,1600,175012,1000,1202205675
622,2025-04-18,1,10,28,29,30,33,34,21,27,0,0,9,7569700,113,694400,5777,8200,95242,1600,170185,1100,1781479320
623,2025-04-25,9,12,22,26,28,31,37,7,30,1,1200000000,6,12275400,139,610300,7435,6900,124781,1300,213674,1000,1198885675
624,2025-05-02,2,14,15,26,27,34,36,9,24,2,895860400,11,6319400,206,388700,8146,5900,116297,1400,202429,900,0
625,2025-05-09,3,10,12,18,19,24,32,4,15,1,420020500,3,16607600,121,474300,6004,5700,89063,1300,151776,900,0
626,2025-05-16,1,3,7,12,17,32,34,14,30,0,0,7,6952100,84,667300,4690,7200,81366,1400,131630,1000,410892875
627,2025-05-23,9,15,21,30,33,34,37,10,35,1,888183900,8,7147700,101,652100,5683,7000,94832,1400,146514,1100,0
628,2025-05-30,1,8,9,11,18,27,35,16,34,2,201318100,7,6747800,140,388600,6457,5100,92719,1100,132363,1000,0
629,2025-06-06,2,7,9,21,23,24,30,22,29,0,0,9,5342800,104,532500,5225,6400,82104,1300,131737,1000,410077305
630,2025-06-13,4,6,8,23,28,29,34,10,19,1,905253400,9,6358900,140,470800,7287,5400,107292,1200,185524,800,0
631,2025-06-20,2,3,6,17,33,35,36,25,37,1,413009000,4,12141400,70,799100,4436,7600,74782,1500,129900,1000,0
632,2025-06-27,5,7,10,11,29,31,37,13,25,0,0,7,6766500,146,373700,6019,5400,89869,1200,148895,900,397424060
633,2025-07-04,2,5,10,17,21,31,36,20,32,0,0,4,14565500,142,472600,5822,6900,89128,1500,140583,1200,881176280
634,2025-07-11,2,12,18,29,32,36,37,5,21,0,0,6,10841100,116,645900,6526,6900,104526,1400,175692,1000,1436653640
635,2025-07-18,10,12,20,29,30,31,34,4,15,2,1016445900,13,5308300,189,420500,7786,6100,116052,1300,204601,900,0
636,2025-07-25,10,14,17,20,26,27,29,3,11,1,414014200,10,4889100,84,670400,3976,8500,67850,1600,137041,1000,0
637,2025-08-01,1,4,7,8,9,20,21,11,30,0,0,16,2992100,175,315100,7431,4400,96563,1100,168633,800,405166445
638,2025-08-08,1,6,18,19,35,36,37,11,24,1,898476500,2,29043000,114,586900,5562,7200,85604,1500,162053,1000,0
639,2025-08-15,5,9,12,15,30,31,34,13,29,2,196037800,15,3071100,136,390100,6189,5100,94177,1100,157665,800,0
640,2025-08-22,2,7,9,12,13,14,29,15,30,1,388970000,6,7697600,159,334600,6510,4900,94465,1100,144732,900,0
641,2025-08-29,1,3,7,23,24,33,36,17,30,1,405020100,9,5251000,123,442500,5060,6500,83272,1300,137907,900,0
642,2025-09-05,1,7,22,23,33,34,35,2,24,1,403352100,13,3588800,105,511800,4866,6600,73462,1400,123377,1000,0
643,2025-09-12,1,5,15,16,18,27,34,19,22,1,406203200,2,23971500,96,575200,4545,7300,74803,1500,128381,1000,0
644,2025-09-19,1,11,12,14,20,26,29,2,5,0,0,15,3086600,83,642500,4489,7200,74279,1400,144229,900,390550165
645,2025-09-26,7,10,16,20,26,32,35,24,33,1,864763200,10,5561700,118,542900,4637,8300,77692,1600,137997,1100,0
646,2025-10-03,5,12,13,15,18,35,37,11,29,0,0,3,15584300,90,598300,4224,7700,71409,1500,133259,1000,390192400
647,2025-10-10,4,5,9,13,17,22,28,18,31,2,434879400,15,3781000,201,325000,7877,5000,109520,1200,171116,900,0
648,2025-10-17,3,17,19,24,28,29,35,7,13,0,0,5,9219600,98,541800,4824,6600,76143,1400,144616,900,385202370
649,2025-10-24,12,22,23,26,33,35,37,2,21,0,0,6,9344500,86,750900,4994,7800,82690,1500,142180,1100,861008665
650,2025-10-31,1,8,10,14,25,33,35,12,21,0,0,9,7310100,131,578500,6089,7500,102491,1500,187310,1000,1407387900
651,2025-11-07,2,13,19,20,24,26,35,29,36,2,1002473400,5,14281700,169,486700,8046,6100,108788,1500,184493,1100,0
652,2025-11-14,1,16,21,26,27,30,35,6,37,0,0,3,15699300,61,889300,3488,9400,62068,1700,116684,1100,401325585
653,2025-11-21,6,7,12,25,26,30,33,13,15,2,443721800,10,5638000,150,432900,6217,6300,96296,1300,165734,900,0
654,2025-11-28,3,12,25,29,30,32,33,28,31,0,0,1,46473000,78,686300,4451,7200,75792,1400,122540,1100,386161670
655,2025-12-05,4,5,12,13,24,26,33,3,14,0,0,11,5065500,188,341400,7853,4900,111582,1100,165047,900,866671845
656,2025-12-12,1,4,6,20,30,34,37,14,25,0,0,8,8137600,101,742400,5376,8400,88924,1700,163715,1100,1413567000
657,2025-12-19,9,11,16,23,27,29,32,6,24,2,1014653200,16,4631900,234,364800,9448,5400,132636,1300,211905,1000,0
658,2025-12-26,10,12,16,18,19,22,37,11,20,0,0,5,11109000,101,633400,4749,8100,81174,1600,142116,1100,463117105
659,2026-01-09,2,8,9,14,27,34,36,5,18,1,1052412400,12,5802800,162,495100,8394,5700,124990,1300,208850,900,0
660,2026-01-16,4,6,12,13,16,17,31,14,20,0,0,4,12451900,98,585400,4635,7500,81348,1400,123996,1100,421366875
661,2026-01-23,7,12,17,22,31,34,35,20,32,0,0,5,12032000,125,554300,5996,7000,102827,1300,153889,1100,929684620
662,2026-01-30,4,14,15,21,22,24,37,5,20,0,0,5,13637200,115,682900,5940,8000,103770,1500,171054,1100,1505420275
663,2026-02-06,4,6,10,11,13,17,23,25,32,0,0,9,8294400,193,445500,8470,6100,134057,1300,215089,1000,2123132130
664,2026-02-13,3,6,8,14,21,22,31,17,37,1,1200000000,19,4269900,168,556200,8897,6300,137445,1300,224969,1000,1614067975
